code,description,sales,units,modal,min,max,median
10002,INFLATABLE POLITICAL GLOBE,391,8836,85,72,170,85
10080,GROOVY CACTUS INFLATABLE,28,315,39,39,85,39
10120,DOGGY RUBBER,77,680,21,21,43,21
10123C,HEARTS WRAPPING TAPE,67,654,65,6,130,65
10123G,ARMY CAMO WRAPPING TAPE,17,2251,65,6,170,65
10124A,SPOTS ON RED BOOKCOVER TAPE,19,62,42,42,42,42
10124G,ARMY CAMO BOOKCOVER TAPE,11,38,42,42,84,42
10125,MINI FUNKY DESIGN TAPES,181,2151,85,42,170,85
10133,COLOURING PENCILS BROWN TUBE,299,3882,85,42,170,83
10134,COLOURING PENCILS BROWN TUBE,56,627,125,106,257,125
10135,COLOURING PENCILS BROWN TUBE,339,4273,125,25,257,125
10138,ASSORTED COLOUR JUMBO PEN,21,261,42,42,83,42
11001,ASSTD DESIGN RACING CAR PEN,265,4885,169,50,343,169
15030,FAN BLACK FRAME,27,254,29,29,29,29
15034,PAPER POCKET TRAVELING FAN,264,10266,14,7,85,14
15036,ASSORTED COLOURS SILK FAN,1003,44365,75,48,163,83
15039,SANDALWOOD FAN,313,5119,85,53,170,85
15044A,PINK PAPER PARASOL,251,4970,295,255,604,295
15044B,BLUE PAPER PARASOL,192,1673,295,255,604,295
15044C,PURPLE PAPER PARASOL,237,973,295,255,604,295
15044D,RED PAPER PARASOL,231,1598,295,255,604,295
15056BL,EDWARDIAN PARASOL BLACK,910,9646,595,195,1300,595
15056N,EDWARDIAN PARASOL NATURAL,1056,11370,595,195,1300,595
15056P,EDWARDIAN PARASOL PINK,351,2529,595,300,1300,595
15056bl,EDWARDIAN PARASOL BLACK,93,126,1246,1246,1300,1246
15056n,EDWARDIAN PARASOL NATURAL,121,180,1246,1246,1272,1246
15056p,EDWARDIAN PARASOL PINK,41,50,1246,1246,1272,1246
15058A,BLUE WHITE SPOTS GARDEN PARASOL,149,476,795,395,2549,795
15058B,PINK WHITE SPOTS GARDEN PARASOL,156,438,795,395,2549,795
15058C,ICE CREAM DESIGN GARDEN PARASOL,122,470,795,395,2549,795
15060B,FAIRY CAKE DESIGN UMBRELLA,462,1438,375,295,865,375
15060b,FAIRY CAKE DESIGN UMBRELLA,5,5,829,829,847,829
16008,SMALL FOLDING SCISSOR(POINTED EDGE),86,3143,12,8,25,12
16010,FOLDING CAMPING SCISSOR W/KNIF & S,5,44,12,12,12,12
16011,ANIMAL STICKERS,116,3906,21,16,21,21
16012,FOOD/DRINK SPUNGE STICKERS,87,2973,21,16,21,21
16014,SMALL CHINESE STYLE SCISSOR,97,30370,42,32,42,42
16015,MEDIUM CHINESE STYLE SCISSOR,66,1573,50,36,50,50
16016,LARGE CHINESE STYLE SCISSOR,110,2338,85,72,85,85
16020C,CLEAR STATIONERY BOX SET,40,160,85,83,85,85
16033,MINI HIGHLIGHTER PENS,50,15121,12,9,12,12
16043,POP ART PUSH DOWN RUBBER,13,2145,42,6,42,42
16045,POPART WOODEN PENCILS ASST,75,9312,4,4,12,4
16046,TEATIME PEN CASE & PENS,66,10061,85,8,170,85
16047,POP ART PEN CASE & PENS,32,10614,85,8,170,85
16048,TEATIME ROUND PENCIL SHARPENER,107,3462,12,12,85,12
16049,TEATIME GEL PENS ASST,32,3169,42,12,83,42
16050,TEATIME PENCIL WITH RUBBER,8,151,55,25,55,40
16052,TEATIME PUSH DOWN RUBBER,36,850,42,19,86,42
16053,POPART COL BALLPOINT PEN ASST,10,4313,21,3,21,21
16054,POPART RECT PENCIL SHARPENER ASST,39,1210,12,12,42,12
16119,FUNKY GIRL ADDRESS BOOK,8,273,125,38,125,125
16151A,FLOWER DES BLUE HANDBAG/ORANG HANDL,5,52,125,125,375,125
16156L,"WRAP, CAROUSEL",36,950,42,42,42,42
16156N,"WRAP, FRIENDSHIP ON GREEN",56,1475,42,42,42,42
16156S,WRAP PINK FAIRY CAKES,423,16761,42,34,42,42
16161E,WRAP BOUDOIR,9,750,10,10,10,10
16161G,WRAP BAD HAIR DAY,33,975,10,10,10,10
16161M,WRAP  PINK FLOCK,40,1075,42,34,42,42
16161P,WRAP ENGLISH ROSE,444,13298,42,34,42,42
16161U,"WRAP,SUKI AND FRIENDS",320,10076,42,34,42,42
16162L,THE KING GIFT BAG,30,8101,65,5,130,65
16162M,THE KING GIFT BAG 25x24x12cm,13,88,42,42,42,42
16168M,FUNKY MONKEY GIFT BAG MEDIUM,104,1713,42,12,85,42
16168S,FUNKY MONKEY GIFT BAG SMALL,11,1283,9,9,57,29
16169C,WRAP BLUE REINDEER,43,1350,42,42,42,42
16169D,WRAP WINTER FOREST,9,250,42,42,42,42
16169E,WRAP 50'S  CHRISTMAS,150,4563,42,36,42,42
16169F,WRAP BLIZZARD,34,975,42,42,42,42
16169K,WRAP FOLK ART,61,2100,42,19,42,42
16169M,WRAP DAISY CARPET,60,2060,42,19,42,42
16169N,WRAP BLUE RUSSIAN FOLKART,57,2050,42,19,42,42
16169P,WRAP GREEN RUSSIAN FOLKART,48,1750,42,19,42,42
16201A,PASTEL PINK PHOTO ALBUM,9,101,195,195,1357,195
16201B,PASTEL BLUE PHOTO ALBUM,5,34,343,195,343,343
16202A,PASTEL PINK PHOTO ALBUM,22,663,555,17,1213,555
16202B,PASTEL BLUE PHOTO ALBUM,22,1039,555,17,1187,555
16202C,BEIGE PHOTO ALBUM,12,97,195,195,1187,195
16202E,BLACK PHOTO ALBUM,14,82,195,50,1213,195
16206B,RED PURSE WITH PINK HEART,16,96,125,95,125,125
16207A,PINK STRAWBERRY HANDBAG,76,143,336,246,336,295
16207B,PINK HEART RED HANDBAG,46,265,246,125,604,251
16212,FUNKY GIRLZ ASST MAGNETIC MEMO PAD,44,375,65,65,778,65
16216,LETTER SHAPE PENCIL SHARPENER,89,4158,16,6,130,16
16218,CARTOON  PENCIL SHARPENERS,101,4632,6,6,217,16
16219,HOUSE SHAPE PENCIL SHARPENER,129,3358,83,6,174,21
16225,RATTLE SNAKE EGGS,174,1530,125,38,343,125
16235,RECYCLED PENCIL WITH RABBIT ERASER,325,5943,21,16,47,21
16236,KITTY PENCIL ERASERS,271,2666,21,16,43,21
16237,SLEEPING CAT ERASERS,606,10938,21,16,43,21
16238,PARTY TIME PENCIL ERASERS,248,2525,21,16,43,21
16239,BALLERINA HEART DECORATION.,21,347,295,125,295,295
16243B,BROWN COZY SQUARE PHOTO ALBUM,8,212,604,195,604,604
16244A,MAXWELL 2 TONE PINK 60 PAGE PHOTO A,28,186,421,195,430,421
16244B,MAXWELL 2 TONE BLUE 60 PAGE PHOTO A,29,345,421,50,430,421
16245A,PINK MINI STATIONERY SET W CASE,7,11,125,125,125,125
16248B,BLUE HOLE PUNCH,13,82,125,125,125,125
16254,TRANSPARENT ACRYLIC TAPE DISPENSER,41,941,85,25,170,163
16256B,FLOWER PENCIL/RUBBER+5 MINI PENCILS,36,524,42,42,83,42
16256C,HEARTS PENCIL/RUBBER+5 MINI PENCILS,10,169,42,42,42,42
16258A,SWIRLY CIRCULAR RUBBERS IN BAG,107,1080,42,19,84,42
16258B,DAISY ERASERS IN BAG,17,1017,19,19,86,42
16259,PIECE OF CAMO STATIONERY SET,55,5473,21,8,21,21
17001,HEAVENS SCENT FRAGRANCE OILS ASSTD,23,1211,29,21,29,29
17003,BROCADE RING PURSE,476,71430,21,14,83,29
17007B,S/3 POT POURI CUSHIONS BLUE COLOURS,8,46,210,210,210,210
17011A,ORIGAMI VANILLA INCENSE+FLOWER,12,261,421,30,430,315
17011F,ORIGAMI SANDLEWOOD INCENSE+FLOWER,21,386,210,65,421,210
17012A,ORIGAMI VANILLA INCENSE/CANDLE SET,99,731,246,50,517,246
17012B,ORIGAMI JASMINE INCENSE/CANDLE SET,131,728,251,50,517,246
17012C,ORIGAMI LAVENDER INCENSE/CANDL SET,118,862,85,50,506,246
17012D,ORIGAMI ROSE INCENSE/CANDLE SET,120,524,246,85,506,246
17012E,ORIGAMI OPIUM INCENSE/CANDLE SET,35,294,251,50,517,251
17012F,ORIGAMI SANDLEWOOD INCENSE/CAND SET,112,591,246,50,506,246
17013D,ORIGAMI ROSE INCENSE IN TUBE,32,1069,165,30,343,165
17013F,ORIGAMI SANDLEWOOD INCENSE IN TUBE,5,62,165,30,165,165
17014A,ORIGAMI VANILLA INCENSE CONES,17,277,42,42,343,165
17014D,ORIGAMI ROSE INCENSE CONES,9,479,336,30,336,165
17014E,ORIGAMI OPIUM INCENSE CONES,6,95,165,30,165,165
17021,NAMASTE SWAGAT INCENSE,102,4436,30,24,30,30
17033,"BROCADE PURSE,SMALL ARCH BUTTON",69,3280,29,21,29,29
17038,PORCELAIN BUDAH INCENSE HOLDER,56,2659,10,7,85,10
17039,INLAID WOOD INCENSE HOLDER,43,3707,29,21,65,29
17084A,TRANQUILITY MASALA INCENSE,18,442,21,21,21,21
17084J,LOVE POTION MASALA INCENSE,21,481,21,21,21,21
17084N,FAIRY DREAMS INCENSE,191,2798,21,16,43,42
17084P,DRAGONS BLOOD INCENSE,73,1041,21,16,43,42
17084R,ASSORTED INCENSE PACK,68,12137,21,16,21,21
17090A,LAVENDER INCENSE 40 CONES IN TIN,28,215,125,85,125,125
17090D,VANILLA INCENSE 40 CONES IN TIN,32,95,125,85,125,125
17091A,LAVENDER INCENSE IN TIN,121,2096,125,38,257,125
17091B,JASMINE TEA INCENSE IN TIN,53,282,125,85,257,125
17091F,SANDALWOOD INCENSE IN TIN,8,19,125,125,257,125
17091J,VANILLA INCENSE IN TIN,189,4086,38,38,257,38
17096,ASSORTED LAQUERED INCENSE HOLDERS,79,6243,43,17,43,42
17107D,"FLOWER FAIRY,5 SUMMER B'DRAW LINERS",94,336,255,255,255,255
17108D,FLOWER FAIRY SUMMER BOUQUET SACHET,23,355,42,42,42,42
17109A,FLOWER FAIRY INCENSE LILY,13,709,169,38,169,169
17109B,FLOWER FAIRY INCENSE LAVENDER,17,4542,169,15,343,169
17109C,FLOWER FAIRY INCENSE ROSE,15,3124,169,15,169,169
17109D,FLOWER FAIRY INCENSE BOUQUET,41,1260,169,38,336,169
17129C,SKY BLUE COLOUR GLASS GEMS IN BAG,12,87,85,64,85,85
17129D,CLEAR COLOUR GLASS GEMS IN BAG,39,1125,85,64,170,85
17129F,DEEP BLUE GLASS GEMS IN BAG,149,1584,166,64,170,163
17136A,BLUE STONES ON WIRE FOR CANDLE,37,795,8,8,21,8
17164B,ASS COL SMALL SAND GECKO P'WEIGHT,92,1632,42,36,42,42
17164D,ASS COL SMALL SAND FROG P'WEIGHT,34,1159,42,37,42,42
17165B,ASS COL LARGE SAND GECKO P'WEIGHT,64,813,105,62,105,105
17165D,ASS COL LARGE SAND FROG P'WEIGHT,98,723,105,62,105,105
17174,ASSTD RASTA KEY-CHAINS,7,36,42,42,42,42
17178,FLAT PALM T-LIGHT HOLDER,25,133,125,85,125,125
17181,CIRCLE OF FRIENDS CANDLE HOLDER,68,354,506,85,517,506
17191A,ROSE FLOWER CANDLE+INCENSE 16X16CM,12,33,375,375,375,375
18007,ESSENTIAL BALM 3.5g TIN IN ENVELOPE,79,11424,18,6,43,18
18010,ASSORTED FRAGRANCE BATH CONFETTI,9,64,42,42,83,42
18094C,WHITE/BLUE RECT CERAMIC OIL BURNER,100,446,125,85,257,246
18096C,WHITE ROUND PORCELAIN TLIGHT HOLDER,21,123,255,195,521,255
18096c,WHITE ROUND PORCELAIN TLIGHT HOLDER,6,8,517,506,517,517
18097A,PINK TALL PORCELAIN T-LIGHT HOLDER,14,19,255,255,255,255
18097C,WHITE TALL PORCELAIN T-LIGHT HOLDER,226,1818,255,125,506,255
18098C,PORCELAIN BUTTERFLY OIL BURNER,261,1264,295,125,608,295
18098c,PORCELAIN BUTTERFLY OIL BURNER,142,332,506,506,517,506
20615,BLUE SPOTTY PASSPORT COVER,204,647,210,75,430,210
20616,CHERRY BLOSSOM PASSPORT COVER,124,287,163,75,430,166
20617,FIRST CLASS PASSPORT COVER,106,499,210,83,430,210
20618,QUEEN OF THE SKIES PASSPORT COVER,139,299,210,163,430,210
20619,TROPICAL PASSPORT COVER,196,580,210,75,430,210
20620,RED SPOTTY PASSPORT COVER,14,15,430,210,430,425
20621,ECONOMY PASSPORT COVER,34,208,210,210,430,210
20622,VIPPASSPORT COVER,135,590,210,75,430,210
20652,BLUE SPOTTY LUGGAGE TAG,179,1525,125,15,257,125
20653,CHERRY BLOSSOM LUGGAGE TAG,83,2006,125,15,257,125
20654,FIRST CLASS LUGGAGE TAG,122,400,125,83,257,125
20655,QUEEN OF SKIES LUGGAGE TAG,198,421,125,83,257,125
20657,TROPICAL LUGGAGE TAG,120,1879,125,15,257,125
20658,RED SPOTTY LUGGAGE TAG,378,1623,125,106,257,125
20659,ECONOMY LUGGAGE TAG,145,374,125,83,257,125
20660,VIP LUGGAGE TAG,29,73,125,125,125,125
20661,BLUE SPOTTY PURSE,126,900,251,17,604,251
20662,FIRST CLASS HOLIDAY PURSE,51,730,295,17,579,251
20663,QUEEN OF THE SKIES HOLIDAY PURSE,46,1076,251,17,579,251
20664,TROPICAL HOLIDAY PURSE,31,57,295,246,295,295
20665,RED SPOTTY PURSE,364,1368,295,246,604,295
20666,ECONOMY HOLIDAY PURSE,46,911,295,17,604,251
20667,CHERRY BLOSSOM PURSE,24,40,246,246,295,246
20668,DISCO BALL CHRISTMAS DECORATION,397,21916,12,10,43,12
20669,RED HEART LUGGAGE TAG,232,824,125,83,257,125
20670,VIP HOLIDAY PURSE,48,694,295,17,604,251
20671,BLUE TEATIME PRINT BOWL,146,797,125,106,257,125
20672,PINK TEATIME PRINT BOWL,36,138,125,125,257,125
20674,GREEN SPOTTY BOWL,476,3462,125,106,257,125
20675,BLUE SPOTTY BOWL,707,6573,125,106,336,125
20676,RED SPOTTY BOWL,992,10674,125,106,336,125
20677,PINK SPOTTY BOWL,784,7907,125,106,336,125
20679,EDWARDIAN PARASOL RED,738,6259,595,300,1300,595
20680,PINK FLOWERS CHILDS UMBRELLA,5,6,325,325,325,325
20681,PINK SPOTTY CHILDS UMBRELLA,355,1436,325,275,691,325
20682,RED SPOTTY CHILDS UMBRELLA,610,3131,325,275,691,325
20684,STRAWBERRY DREAM CHILDS UMBRELLA,182,585,325,275,691,325
20685,RED SPOTTY COIR DOORMAT,1769,9974,795,400,1698,795
20686,DOLLY MIXTURE CHILDREN'S UMBRELLA,192,605,325,275,691,325
20688,BEAUTY SPEED EXPRESSO CUPS,11,464,595,45,1300,595
20689,RETRO SISTERS EXPRESSO CUPS,42,430,595,45,1300,595
20692,FLORAL ELEPHANT SOFT TOY,144,912,425,375,865,425
20693,FLORAL DINOSAUR GREEN,18,33,425,425,865,425
20694,FLORAL PINK MONSTER,56,167,375,251,778,375
20695,FLORAL BLUE MONSTER,62,143,425,336,865,425
20696,FLORAL SOFT CAR TOY,62,153,375,329,778,375
20697,LITTLE GREEN MONSTER SOFT TOY,25,44,255,210,255,255
20698,LITTLE PINK MONSTER SOFT TOY,22,47,255,210,255,255
20699,MOUSEY LONG LEGS SOFT TOY,95,301,255,210,517,255
20700,GREEN CAT FLORAL CUSHION COVER,104,421,413,125,1017,413
20701,PINK CAT FLORAL CUSHION COVER,50,353,413,125,1039,413
20702,PINK PADDED MOBILE,257,803,425,375,847,425
20703,BLUE PADDED SOFT MOBILE,172,475,425,375,847,425
20704,MR ROBOT SOFT TOY,80,361,695,195,1443,695
20705,MRS ROBOT SOFT TOY,53,273,695,195,695,695
20707,CRAZY DAISY HEART DECORATION,203,1616,83,38,257,83
20711,JUMBO BAG TOYS,1066,12838,195,130,506,201
20712,JUMBO BAG WOODLAND ANIMALS,1449,17957,195,165,506,208
20713,JUMBO BAG OWLS,1360,21199,195,165,506,195
20714,POSY SHOPPER BAG,28,1580,38,38,257,87
20716,PARTY FOOD SHOPPER BAG,254,1539,125,83,257,125
20717,STRAWBERRY SHOPPER BAG,781,6342,125,83,336,125
20718,RED SPOTTY SHOPPER BAG,1233,13489,125,106,336,125
20719,WOODLAND CHARLOTTE BAG,1621,24945,85,72,251,85
20723,STRAWBERRY CHARLOTTE BAG,1420,18485,85,64,251,85
20724,RED SPOTTY CHARLOTTE BAG,2094,32487,85,72,563,85
20725,LUNCH BAG RED SPOTTY,3179,40942,165,119,833,165
20726,LUNCH BAG WOODLAND,2009,22341,165,145,833,165
20727,LUNCH BAG  BLACK SKULL.,2484,27126,165,119,833,165
20728,LUNCH BAG CARS BLUE,2141,24892,165,119,506,165
20729,RED SPOTTY CANDY BAG,121,5262,125,15,257,125
20730,STRAWBERRY CANDY BAG,102,2218,85,15,257,87
20731,POSY CANDY BAG,74,4143,125,15,251,125
20733,GOLD MINI TAPE MEASURE,310,1961,85,42,170,85
20734,SILVER MINI TAPE MEASURE,120,1598,85,72,251,85
20735,BLACK MINI TAPE MEASURE,214,1545,85,42,251,85
20736,PINK MINI TAPE MEASURE,20,291,85,72,85,85
20738,GREEN MINI TAPE MEASURE,74,1610,85,72,251,85
20747,PICCADILLY TEA SET,109,684,1495,1272,3039,1495
20748,KENSINGTON COFFEE SET,187,1604,1275,395,2604,1275
20749,ASSORTED COLOUR MINI CASES,800,3156,795,609,1735,795
20750,RED/WHITE DOT MINI CASES,941,3777,795,609,1735,795
20751,FUNKY WASHING UP GLOVES ASSORTED,559,2941,210,169,430,210
20752,RETRO BLUE SPOTTY WASHING UP GLOVES,374,1536,210,85,430,210
20753,RETRO PINK SPOT WASHING UP GLOVES,56,218,210,50,430,210
20754,RETRO RED SPOTTY WASHING UP GLOVES,883,5159,210,169,430,210
20755,BLUE PAISLEY POCKET BOOK,128,5162,85,10,170,85
20756,GREEN FERN POCKET BOOK,65,5734,85,10,170,85
20757,RED DAISY POCKET BOOK,86,5375,85,10,170,85
20758,ABSTRACT CIRCLES POCKET BOOK,100,5441,85,10,170,85
20759,CHRYSANTHEMUM POCKET BOOK,65,5782,85,10,85,85
20760,GARDEN PATH POCKET BOOK,85,5555,85,10,166,85
20761,BLUE PAISLEY SKETCHBOOK,156,470,375,125,778,375
20762,GREEN FERN SKETCHBOOK,142,466,375,125,762,375
20763,DAISY SKETCHBOOK,76,269,375,125,778,375
20764,ABSTRACT CIRCLES SKETCHBOOK,200,692,375,125,778,375
20765,CHRYSANTHEMUM SKETCHBOOK,156,452,375,125,762,375
20766,GARDEN PATH SKETCHBOOK,164,525,375,125,778,375
20767,BLUE PAISLEY JOURNAL,186,819,255,85,506,255
20768,GREEN FERN JOURNAL,152,771,255,85,506,255
20769,DAISY JOURNAL,82,442,255,85,506,255
20770,ABSTRACT CIRCLE JOURNAL,210,1056,255,85,506,255
20771,CHRYSANTHEMUM  JOURNAL,145,629,255,85,517,255
20772,GARDEN PATH JOURNAL,167,975,255,85,506,255
20773,BLUE PAISLEY NOTEBOOK,127,3357,165,15,343,165
20774,GREEN FERN NOTEBOOK,126,3493,165,15,343,165
20775,DAISY NOTEBOOK,118,3611,165,15,343,165
20776,ABSTRACT CIRCLES NOTEBOOK,86,3259,165,15,343,165
20777,CHRYSANTHEMUM NOTEBOOK,175,3669,165,15,343,165
20778,GARDEN PATH NOTEBOOK,94,3616,165,15,343,165
20780,BLACK EAR MUFF HEADPHONES,107,249,549,195,1126,549
20781,GOLD EAR MUFF HEADPHONES,67,110,549,195,1126,549
20782,CAMOUFLAGE EAR MUFF HEADPHONES,92,171,549,195,1126,549
20783,HEART EAR MUFF HEADPHONES,56,166,549,465,1126,549
20784,RED RETRO BAR STOOL,37,101,3400,3400,7822,3400
20785,FUSCHIA RETRO BAR STOOL,37,102,3400,3400,7655,3400
20786,BLACK RETRO BAR STOOL,32,99,3400,3398,7655,3400
20787,BLUE RETRO BAR STOOL,32,69,3400,3400,7655,3400
20793,BLUE TILED TRAY,22,281,675,75,1474,675
20794,BLUE  TILE HOOK,50,213,255,210,506,255
20795,LARGE BLUE PROVENCAL CERAMIC BALL,29,135,210,169,430,210
20796,SMALL BLUE PROVENCAL CERAMIC BALL,22,99,165,165,343,165
20798,CLEAR MILKSHAKE GLASS,88,569,210,165,430,210
20799,PINK MILKSHAKE GLASS,26,200,210,80,430,315
20800,LARGE GLASS SUNDAE DISH CLEAR,5,1005,506,25,517,506
20801,LARGE PINK GLASS SUNDAE DISH,118,1096,79,75,506,246
20802,SMALL GLASS SUNDAE DISH CLEAR,119,1067,165,42,343,165
20803,SMALL PINK GLASS SUNDAE DISH,88,1166,165,39,343,165
20804,GLASS CHICKEN BUTTER DISH,63,333,165,145,343,336
20814,SILVER FINCH DECORATION,13,189,125,106,125,125
20816,GOLD FLOWER CUSHION COVER,7,24,675,195,675,675
20818,GOLD TEDDY BEAR,30,87,375,125,778,375
20819,SILVER TEDDY BEAR,66,229,375,125,778,375
20820,SILVER LOOKING MIRROR,9,14,495,495,495,495
20821,GOLDIE LOOKING MIRROR,25,42,1017,495,1039,1017
20823,GOLD WINE GOBLET,21,261,465,79,1735,425
20825,GOLD WINE GLASS,7,361,375,339,2604,375
20826,SILVER APERITIF GLASS,14,355,212,39,212,190
20827,GOLD APERITIF GLASS,8,173,212,39,212,212
20828,GLITTER BUTTERFLY CLIPS,644,4481,255,210,517,255
20829,GLITTER HANGING BUTTERFLY STRING,505,4850,210,169,430,210
20830,SILVER PHOTO FRAME,84,413,210,85,430,210
20831,GOLD PHOTO FRAME,81,480,210,79,421,210
20832,RED FLOCK LOVE HEART PHOTO FRAME,164,1714,85,39,170,85
20833,SHAKER THROW  QUILTED,5,52,1275,1275,4995,1275
20835,FRENCH LATTICE CUSHION COVER,11,81,83,83,1102,83
20836,FRENCH PAISLEY CUSHION COVER,22,224,83,83,295,83
20837,FRENCH FLORAL CUSHION COVER,18,165,83,83,295,83
20838,FRENCH LATTICE CUSHION COVER,63,446,85,85,329,85
20839,FRENCH PAISLEY CUSHION COVER,121,642,329,85,952,295
20840,FRENCH FLORAL CUSHION COVER,95,886,85,85,932,255
20845,ZINC HEART LATTICE 2 WALL PLANTER,24,76,635,635,1300,635
20846,ZINC HEART LATTICE T-LIGHT HOLDER,178,1471,125,106,257,125
20847,ZINC HEART LATTICE CHARGER LARGE,28,81,375,375,778,375
20848,ZINC HEART LATTICE CHARGER SMALL,12,39,295,295,295,295
20849,ZINC HEART LATTICE DOUBLE PLANTER,24,674,375,50,778,375
20850,ZINC HEART LATTICE PLANTER BOWL,23,820,295,50,295,295
20851,ZINC HEART LATTICE TRAY OVAL,29,335,595,50,1187,595
20854,BLUE PATCH PURSE PINK HEART,116,462,165,145,336,165
20855,PINK PATCH PURSE BLUE HEART,49,145,165,165,165,165
20856,DENIM PATCH PURSE PINK BUTTERFLY,126,417,165,163,329,165
20857,BLUE ROSE PATCH PURSE PINK BUTTERFL,81,258,165,165,165,165
20860,GOLD COSMETICS BAG WITH BUTTERFLY,11,20,210,210,210,210
20861,GOLD COSMETIC BAG PINK STAR,19,48,210,210,210,210
20862,PINK PATCH PENCIL CASE BLUE HEART,37,325,210,169,430,210
20863,BLUE PATCH PENCIL CASE PINK HEART,52,295,210,169,430,210
20864,DENIM PATCH PENCIL CASE BUTTERFLY,30,252,210,165,430,210
20865,PATCHWORK PENCIL CASE BUTTERFLY,33,251,210,169,430,210
20866,BLUE ROSE FABRIC MIRROR,198,1287,125,38,257,125
20867,PINK ROSE FABRIC MIRROR,161,1141,125,38,257,125
20868,SILVER FABRIC MIRROR,71,882,39,38,251,85
20869,GOLD FABRIC MIRROR,55,530,39,38,251,85
20870,OPULENT VELVET CANDLE IN BOX,8,30,210,125,430,210
20871,OPULENT VELVET SET/3 CANDLES,131,1276,210,125,430,210
20877,MODERN CHRISTMAS BAUBLE CANDLE,5,12,42,42,42,42
20878,SET/9 CHRISTMAS T-LIGHTS SCENTED,97,764,125,106,257,125
20879,TREE OF NOAH FESTIVE SCENTED CANDLE,13,69,65,65,604,65
20886,BOX OF 9 PEBBLE CANDLES,326,1793,195,165,430,195
20887,BOX OF 6 PEBBLE CANDLES,8,18,778,345,778,561
20888,SET 3 JARDIN DE FEMME SCENT CANDLES,19,367,125,125,604,375
20889,JARDIN DE FEMME SCENTED CANDLE,13,657,295,30,604,295
20892,SET/3 TALL GLASS CANDLE HOLDER PINK,41,106,1275,395,2604,1275
20893,HANGING BAUBLE T-LIGHT HOLDER SMALL,86,675,255,210,517,255
20894,HANGING BAUBLE T-LIGHT HOLDER LARGE,92,282,295,255,604,295
20896,VINTAGE NOTEBOOK PINK FLOWER,16,40,295,295,295,295
20897,VINTAGE NOTEBOOK PARIS DAYS,77,358,295,125,604,295
20898,VINTAGE NOTEBOOK TRAVELOGUE,55,327,295,125,604,295
20899,VINTAGE NOTEBOOK RED ROSE,13,44,295,295,295,295
20901,VINTAGE KEEPSAKE BOX PINK FLOWER,68,92,1272,413,1300,1272
20902,VINTAGE KEEPSAKE BOX PARIS DAYS,121,212,1272,195,1300,1272
20903,VINTAGE KEEPSAKE BOX TRAVELOGUE,87,189,413,195,1300,635
20906,VINTAGE NOTEBOOK BEAUTY GIRL,50,103,295,295,604,295
20910,VINTAGE PHOTO ALBUM PARIS DAYS,50,110,635,555,1300,635
20913,SET/5 BLUE SPOTTY LID GLASS BOWLS,43,314,295,255,604,295
20914,SET/5 RED SPOTTY LID GLASS BOWLS,2124,18979,295,255,604,295
20931,BLUE POT PLANT CANDLE,160,676,375,125,778,375
20932,PINK POT PLANT CANDLE,82,334,375,125,778,375
20933,YELLOW POT PLANT CANDLE,53,505,375,125,778,375
20934,SET/3 POT PLANT CANDLES,76,199,545,495,1126,545
20935,ROUND CACTUS CANDLE,49,302,295,125,604,295
20936,FORKED CACTUS CANDLE,80,342,295,125,604,295
20940,SET/6 GARDEN GNOME T-LIGHT CANDLES,22,118,295,255,604,295
20941,FROG CANDLE,126,999,125,38,257,125
20943,SET/6 GINGERBREAD STAR T-LIGHTS,73,384,125,125,257,125
20950,SET/6  ANGEL T-LIGHTS WHITE/GOLD,84,687,42,42,257,42
20952,PORCELAIN CHERUB BELL SMALL,25,330,42,42,251,42
20953,PORCELAIN CHERUB BELL LARGE,9,33,165,165,165,165
20956,PORCELAIN T-LIGHT HOLDERS ASSORTED,257,2396,125,85,257,125
20957,PORCELAIN HANGING BELL SMALL,15,126,145,145,336,145
20958,PORCELAIN HANGING BELL LARGE,10,38,195,165,195,195
20960,WATERMELON BATH SPONGE,220,1908,125,106,257,125
20961,STRAWBERRY BATH SPONGE,549,3684,125,106,257,125
20963,APPLE BATH SPONGE,543,3646,125,106,257,125
20964,POLYESTER FILLER PAD 60x40cm,6,20,255,255,255,255
20966,SANDWICH BATH SPONGE,455,3165,125,106,257,125
20967,GREY FLORAL FELTCRAFT SHOULDER BAG,327,1144,375,266,778,375
20968,GREEN FLORAL FELTCRAFT SHOULDER BAG,20,43,375,375,778,375
20969,RED FLORAL FELTCRAFT SHOULDER BAG,641,3294,375,266,778,375
20970,PINK FLORAL FELTCRAFT SHOULDER BAG,603,2547,375,266,778,375
20971,PINK BLUE FELT CRAFT TRINKET BOX,1206,22629,125,106,295,125
20972,PINK CREAM FELT CRAFT TRINKET BOX,1463,20761,125,89,257,125
20973,12 PENCIL SMALL TUBE WOODLAND,715,10066,65,55,150,65
20974,12 PENCILS SMALL TUBE SKULL,890,13511,65,25,130,65
20975,12 PENCILS SMALL TUBE RED SPOTTY,977,18685,65,55,130,65
20976,12 PENCILS SMALL TUBE POSY,77,550,65,65,130,65
20977,36 PENCILS TUBE WOODLAND,503,3856,125,106,295,125
20978,36 PENCILS TUBE SKULLS,584,4163,125,106,257,125
20979,36 PENCILS TUBE RED SPOTTY,723,8219,125,106,257,125
20980,36 PENCILS TUBE POSY,60,234,125,83,257,125
20981,12 PENCILS TALL TUBE WOODLAND,533,4782,85,72,170,85
20982,12 PENCILS TALL TUBE SKULLS,608,4928,85,72,170,85
20983,12 PENCILS TALL TUBE RED SPOTTY,677,6342,85,72,170,85
20984,12 PENCILS TALL TUBE POSY,260,5907,29,19,170,29
20985,HEART CALCULATOR,313,2395,125,106,257,125
20986,BLUE CALCULATOR RULER,218,1251,125,83,257,125
20987,GEISHA GIRL CHOPSTICKS SET/5,22,131,195,195,430,195
20988,TRELLIS FLOWER CHOPSTICKS SET/5,9,24,195,195,195,195
20989,URBAN CHIC CHOPSTICKS SET/5,57,407,195,165,430,195
20990,SPRING FLOWER CHOPSTICKS SET/5,106,895,195,165,430,195
20991,JAZZ HEARTS MAGNETIC MEMO PAD,32,7084,65,10,130,96
20992,JAZZ HEARTS PURSE NOTEBOOK,464,6224,39,38,170,83
20993,JAZZ HEARTS MEMO PAD,32,10967,85,10,170,85
20994,JAZZ HEARTS SPIRAL NOTEPAD,12,47,85,85,85,85
20996,JAZZ HEARTS ADDRESS BOOK,347,6343,19,16,86,42
20997,ROSE DU SUD CUSHION COVER,83,170,495,413,1187,421
20998,ROSE DU SUD OVEN GLOVE,132,332,295,163,591,295
21000,ROSE DU SUD COSMETICS BAG,100,696,425,200,847,336
21001,ROSE DU SUD WASHBAG,96,149,595,413,1272,421
21002,ROSE DU SUD DRAWSTRING BAG,190,429,336,329,847,336
21003,ROSE DU SUD CUSHION COVER,64,109,579,579,635,579
21004,ROSE DU SUD CHILDS APRON,71,137,425,421,865,425
21007,ETCHED GLASS DROPLET DECORATION,48,1927,38,38,343,38
21009,ETCHED GLASS STAR TREE DECORATION,107,1059,125,125,257,125
21010,ETCHED GLASS BIRD TREE DECORATION,86,856,125,125,257,125
21011,GLITTER SNOW PEAR TREE DECORATION,133,1869,145,38,343,145
21012,ANTIQUE ALL GLASS CANDLESTICK,314,2365,210,65,430,246
21014,SWISS CHALET TREE DECORATION,207,1975,85,29,170,85
21015,DARK BIRD HOUSE TREE DECORATION,195,1722,29,29,257,83
21016,LIGHT BIRD HOUSE TREE DECORATION,89,836,85,42,257,85
21017,RED BIRD HOUSE TREE DECORATION,90,662,85,42,257,106
21018,BIRD BOX CHRISTMAS TREE DECORATION,50,236,85,85,251,85
21025,SPACE FROG,85,314,125,83,257,125
21026,SPACE OWL,134,558,125,83,257,125
21027,NINJA RABBIT PINK,86,363,125,83,257,125
21028,NINJA RABBIT BLACK,93,324,125,83,257,125
21030,SPACE CADET RED,54,250,125,83,246,125
21031,SPACE CADET BLACK,42,147,125,83,251,125
21032,SPACE CADET WHITE,53,216,125,83,251,125
21033,JUMBO BAG CHARLIE AND LOLA TOYS,589,4632,295,125,604,295
21034,REX CASH+CARRY JUMBO SHOPPER,2189,4240,95,95,95,95
21035,SET/2 RED SPOTTY TEA TOWELS,969,6091,295,255,663,325
21038,SET/4 MODERN VINTAGE COTTON NAPKINS,54,170,295,79,604,295
21039,RED SPOTTY SHOPPING BAG,233,1319,255,210,604,255
21040,MODERN VINTAGE COTTON SHOPPING BAG,70,895,255,79,517,255
21041,RED SPOTTY OVEN GLOVE DOUBLE,560,2732,295,255,663,295
21042,RED SPOTTY APRON,420,1505,595,465,1300,595
21043,APRON MODERN VINTAGE COTTON,142,679,195,195,1272,413
21051,RIBBONS PURSE,133,760,210,163,430,210
21054,NURSE'S BAG SOFT TOY,190,394,895,795,1735,895
21055,TOOL BOX SOFT TOY,234,407,895,746,1735,895
21056,DOCTOR'S BAG SOFT TOY,199,559,895,795,1735,895
21058,PARTY INVITES WOODLAND,289,2422,85,72,170,85
21059,PARTY INVITES DINOSAURS,224,1621,85,72,166,85
21060,PARTY INVITES BALLOON GIRL,152,1288,85,38,170,85
21061,PARTY INVITES FOOTBALL,169,1433,85,38,166,85
21062,PARTY INVITES SPACEMAN,140,1078,85,38,166,85
21063,PARTY INVITES JAZZ HEARTS,241,1492,85,72,170,85
21064,BOOM BOX SPEAKER BOYS,185,909,595,125,1213,595
21065,BOOM BOX SPEAKER GIRLS,127,613,595,125,1213,421
21066,VINTAGE RED MUG,135,2293,125,38,251,125
21067,VINTAGE RED TEATIME MUG,279,4800,125,38,257,125
21068,VINTAGE BILLBOARD LOVE/HATE MUG,400,4398,125,38,257,125
21069,VINTAGE BILLBOARD TEA MUG,296,5157,125,80,257,125
21070,VINTAGE BILLBOARD MUG,239,2063,125,38,257,125
21071,VINTAGE BILLBOARD DRINK ME MUG,513,4475,125,80,257,125
21076,SET/20 COLLAGE PAPER NAPKIN,95,844,85,64,170,85
21077,SET/20 WOODLAND PAPER NAPKINS,198,2793,85,64,170,85
21078,SET/20 STRAWBERRY PAPER NAPKINS,767,7242,85,64,251,85
21080,SET/20 RED SPOTTY PAPER NAPKINS,2212,31823,85,64,251,85
21082,SET/20 FRUIT SALAD PAPER NAPKINS,167,7187,85,17,251,85
21084,SET/6 COLLAGE PAPER CUPS,227,2929,19,19,170,65
21085,SET/6 WOODLAND PAPER CUPS,69,13732,65,10,170,65
21086,SET/6 RED SPOTTY PAPER CUPS,873,16903,65,53,170,65
21087,SET/6 POSIES PAPER CUPS,33,260,65,19,166,65
21088,SET/6 FRUIT SALAD PAPER CUPS,137,16615,19,8,166,19
21089,SET/6 GREEN SPRING PAPER CUPS,41,325,19,19,166,19
21090,SET/6 COLLAGE PAPER PLATES,283,3119,83,19,166,83
21091,SET/6 WOODLAND PAPER PLATES,48,13700,85,10,170,85
21092,SET/6 STRAWBERRY PAPER PLATES,28,12846,85,10,170,85
21094,SET/6 RED SPOTTY PAPER PLATES,1007,20161,85,64,251,85
21095,SET/6 POSIES PAPER PLATES,42,303,85,85,166,85
21096,SET/6 FRUIT SALAD  PAPER PLATES,144,15924,39,13,166,83
21097,SET/6 GREEN SPRING  PAPER PLATE,8,33,85,85,85,85
21098,CHRISTMAS TOILET ROLL,680,9038,125,106,336,125
21099,SET/6 STRAWBERRY PAPER CUPS,36,13388,65,10,170,65
21100,CHARLIE AND LOLA CHARLOTTE BAG,280,2553,165,72,421,165
21102,"CANDLE IN JAR COLLAGE , VANILLA",20,82,255,255,430,255
21106,CREAM SLICE FLANNEL CHOCOLATE SPOT,175,801,295,255,604,295
21107,CREAM SLICE FLANNEL PINK SPOT,341,2463,295,255,604,295
21108,FAIRY CAKE FLANNEL ASSORTED COLOUR,643,13105,255,79,517,255
21109,"LARGE CAKE TOWEL, CHOCOLATE SPOTS",237,1185,675,195,1387,675
21110,LARGE CAKE TOWEL PINK SPOTS,341,1652,675,195,1387,675
21111,"SWISS ROLL TOWEL, CHOCOLATE  SPOTS",226,1409,295,125,604,295
21112,"SWISS ROLL TOWEL, PINK  SPOTS",196,2234,295,125,604,295
21114,LAVENDER SCENTED FABRIC HEART,523,5783,125,106,1126,125
21115,ROSE CARAVAN DOORSTOP,444,1262,675,195,1474,675
21116,OWL DOORSTOP,552,1386,495,425,865,829
21117,BLOND DOLL DOORSTOP,29,334,125,125,675,125
21118,SHOPPING BAG DOORSTOP,7,69,125,125,575,125
21121,SET/10 RED SPOTTY PARTY CANDLES,912,15678,125,106,257,125
21122,SET/10 PINK SPOTTY PARTY CANDLES,849,12741,125,106,257,125
21123,SET/10 IVORY SPOTTY PARTY CANDLES,263,2785,125,83,251,125
21124,SET/10 BLUE SPOTTY PARTY CANDLES,657,10093,125,106,257,125
21125,SET 6 FOOTBALL CELEBRATION CANDLES,265,2169,125,38,251,125
21126,SET OF 6 GIRLS CELEBRATION CANDLES,296,2343,125,38,257,125
21127,COLOURFUL FISHING GNOME,51,298,595,125,1300,595
21128,GOLD FISHING GNOME,59,129,695,195,1272,1246
21129,SILVER FISHING GNOME,62,127,695,195,1300,695
21130,COLOURFUL STANDING GNOME,50,722,345,75,691,345
21131,GOLD STANDING GNOME,50,276,425,125,865,425
21132,SILVER STANDING GNOME,49,98,425,125,865,425
21133,PAINTED BIRD ASSORTED CHRISTMAS,44,424,169,169,2170,169
21134,VICTORIAN METAL POSTCARD CHRISTMAS,49,379,165,165,2604,165
21135,VICTORIAN  METAL POSTCARD SPRING,428,6080,169,20,2549,169
21136,PAINTED METAL PEARS ASSORTED,769,10652,169,104,2604,169
21137,BLACK RECORD COVER FRAME,653,19954,375,339,778,375
21143,ANTIQUE GLASS HEART DECORATION,212,2255,195,165,430,195
21144,PINK POODLE HANGING DECORATION,62,545,38,38,343,38
21145,ANTIQUE GLASS PLACE SETTING,49,869,125,106,1474,125
21146,ANTIQUE GLASS RIDGED HANGING BALL,59,801,195,165,430,195
21147,JINGLE BELLS TREE DECORATION,128,494,210,85,430,210
21153,RED SPOTTY TABLECLOTH,139,393,1065,849,2170,1065
21154,RED SPOTTY OVEN GLOVE,956,8402,125,106,654,125
21155,RED SPOTTY PEG BAG,995,6734,210,150,496,255
21156,RED SPOTTY CHILDS APRON,967,9399,195,120,430,195
21157,RED SPOTTY WASHBAG,186,714,210,169,430,210
21158,MOODY GIRL DOOR HANGER,334,2613,145,38,343,145
21159,MOODY BOY  DOOR HANGER,253,2118,145,38,343,145
21160,KEEP OUT GIRLS DOOR HANGER,59,795,145,38,343,145
21161,KEEP OUT BOYS DOOR HANGER,218,2385,145,38,343,145
21162,TOXIC AREA  DOOR HANGER,290,2407,145,38,343,145
21163,DO NOT TOUCH MY STUFF DOOR HANGER,282,2829,145,38,343,145
21164,HOME SWEET HOME METAL SIGN,742,6058,295,200,604,295
21165,BEWARE OF THE CAT METAL SIGN,1011,9450,169,100,430,169
21166,COOK WITH WINE METAL SIGN,1480,20128,195,140,430,195
21167,WHITE SAGE INCENSE,118,2495,21,16,43,42
21169,YOU'RE CONFUSING ME METAL SIGN,819,8941,169,145,430,169
21171,BATHROOM METAL SIGN,264,1860,145,125,343,145
21172,PARTY METAL SIGN,1010,7759,145,125,430,145
21173,LOO ROLL  METAL SIGN,79,342,165,145,430,165
21174,POTTERING IN THE SHED METAL SIGN,1179,9813,195,140,430,208
21175,GIN + TONIC DIET METAL SIGN,1716,20905,210,140,496,210
21179,NO JUNK MAIL METAL SIGN,529,4322,125,38,343,125
21181,PLEASE ONE PERSON  METAL SIGN,1895,25117,210,149,430,210
21185,HOME SWEET HOME  BLACKBOARD,44,132,635,549,1300,635
21186,WHITE DOVE HONEYCOMB PAPER GARLAND,380,5277,165,145,343,165
21187,WHITE BELL HONEYCOMB PAPER GARLAND,161,1446,165,145,343,165
21188,3D HEARTS  HONEYCOMB PAPER GARLAND,135,918,295,255,604,295
21189,WHITE HONEYCOMB PAPER GARLAND,131,814,165,145,343,165
21190,PINK HEARTS PAPER GARLAND,118,918,165,145,336,165
21191,LARGE WHITE HONEYCOMB PAPER BELL,215,1544,210,169,430,210
21192,WHITE BELL HONEYCOMB PAPER,243,2237,165,145,343,165
21193,WHITE HONEYCOMB PAPER FAN,23,111,210,169,430,210
21194,PINK  HONEYCOMB PAPER FAN,99,581,65,65,430,210
21195,PINK  HONEYCOMB PAPER BALL,156,1017,210,65,430,210
21196,ROUND WHITE CONFETTI IN TUBE,24,179,165,165,336,165
21197,MULTICOLOUR  CONFETTI IN TUBE,48,466,165,42,329,165
21198,WHITE HEART CONFETTI IN TUBE,120,1283,165,42,343,165
21199,PINK  HEART CONFETTI IN TUBE,150,1305,165,42,343,165
21200,MULTICOLOUR HONEYCOMB PAPER GARLAND,129,1425,165,65,343,165
21201,TROPICAL  HONEYCOMB PAPER GARLAND,246,2757,255,210,517,255
21202,DOLLY HONEYCOMB GARLAND,69,857,165,65,336,165
21203,BUTTERFLIES  HONEYCOMB GARLAND,149,1541,165,145,343,165
21204,DAISIES  HONEYCOMB GARLAND,208,1609,165,145,336,165
21205,MULTICOLOUR 3D BALLS GARLAND,158,683,255,210,517,255
21206,STRAWBERRY HONEYCOMB  GARLAND,244,2170,165,65,336,165
21207,SKULL AND CROSSBONES  GARLAND,287,3618,165,145,343,165
21208,PASTEL COLOUR HONEYCOMB FAN,123,1079,39,39,343,165
21209,MULTICOLOUR HONEYCOMB FAN,138,1477,39,39,336,165
21210,SET OF 72 RETRO SPOT PAPER  DOILIES,1191,15249,145,125,383,145
21211,SET OF 72 SKULL PAPER  DOILIES,244,2422,145,125,383,145
21212,PACK OF 72 RETRO SPOT CAKE CASES,3290,96560,55,38,500,55
21213,PACK OF 72 SKULL CAKE CASES,1548,40733,55,38,521,55
21214,SET OF 72 IVORY PAPER DOILIES,203,2007,145,125,304,145
21215,IVORY PAPER CUP CAKE CASES,305,4504,55,42,213,55
21216,"SET 3 RED SPOT TIN TEA,COFFEE,SUGAR",833,3949,495,425,1126,495
21217,RED SPOTTY ROUND CAKE TINS,964,2961,995,895,2170,995
21218,RED SPOTTY BISCUIT TIN,927,5305,375,325,865,375
21219,SET/4 BADGES BALLOON GIRL,184,1038,125,83,257,125
21220,SET/4 BADGES DOGS,166,684,125,83,257,125
21221,SET/4 BADGES CUTE CREATURES,112,557,125,83,257,125
21222,SET/4 BADGES BEETLES,140,629,125,83,257,125
21223,SET/4 BADGES WOODLAND ANIMAL,47,496,125,106,257,125
21224,SET/4 SKULL BADGES,327,2219,125,83,257,125
21226,POCKET MIRROR WOODLAND,41,216,125,83,125,125
21228,"POCKET MIRROR ""GLAMOROUS""",32,97,125,125,257,125
21231,SWEETHEART CERAMIC TRINKET BOX,1566,19767,125,106,257,125
21232,STRAWBERRY CERAMIC TRINKET BOX,2555,38981,125,106,336,125
21238,RED SPOTTY CUP,933,9589,85,72,251,85
21239,PINK  SPOTTY CUP,773,7457,85,72,251,85
21240,BLUE  SPOTTY CUP,786,7643,85,72,251,85
21241,GREEN SPOTTY CUP,263,2216,85,72,170,85
21242,RED SPOTTY PLATE,669,7123,169,145,421,169
21243,PINK  SPOTTY PLATE,511,5660,169,145,421,169
21244,BLUE  SPOTTY PLATE,455,5161,169,145,421,169
21245,GREEN  SPOTTY PLATE,316,2589,169,145,343,169
21246,RED SPOTTY BIG BOWL,210,751,495,413,1126,495
21247,SET OF RED SALAD SERVERS,82,423,149,149,343,149
21248,DOOR HANGER  MUM + DADS ROOM,163,1050,145,38,343,145
21249,WOODLAND  HEIGHT CHART STICKERS,269,1686,295,166,604,295
21250,SET OF SKULL WALL STICKERS,61,404,295,166,604,295
21251,DINOSAUR HEIGHT CHART STICKER SET,135,599,295,166,604,295
21252,SET OF MEADOW  FLOWER STICKERS,22,168,295,169,604,295
21253,SET OF PICTURE FRAME  STICKERS,128,343,295,79,604,579
21255,"FRENCH BOTTLE , LAVENDER",96,476,165,145,343,165
21256,"FRENCH BOTTLE, BRASSERIE DES ARTIST",65,326,165,145,343,165
21257,VICTORIAN SEWING BOX MEDIUM,556,1596,795,695,1648,795
21258,VICTORIAN SEWING BOX LARGE,566,1692,1275,1095,2604,1275
21259,VICTORIAN SEWING BOX SMALL,688,2413,595,495,1300,595
21260,FIRST AID TIN,560,3591,325,275,691,325
21261,GREEN GOOSE FEATHER CHRISTMAS TREE,84,292,295,295,3039,746
21262,WHITE GOOSE FEATHER CHRISTMAS TREE,145,640,295,295,3039,295
21263,GREEN GOOSE FEATHER TREE 60CM,62,306,195,195,995,195
21264,WHITE GOOSE FEATHER TREE 60CM,70,394,195,195,995,195
21265,PINK GOOSE FEATHER TREE 60CM,36,323,195,195,995,195
21266,VINTAGE SILVER TINSEL REEL,9,23,430,430,430,430
21267,VINTAGE PINK TINSEL REEL,10,24,430,210,430,430
21268,VINTAGE BLUE TINSEL REEL,53,399,42,42,430,42
21269,ANTIQUE CREAM CUTLERY SHELF,67,117,850,850,1698,850
21270,ANTIQUE CREAM CUTLERY CUPBOARD,53,78,1275,829,2549,1275
21272,SALLE DE BAIN HOOK,361,2384,125,106,257,125
21274,EMBOSSED HEART 3 DRAWER SHELF,108,177,1275,1095,2549,1275
21275,ZINC TOP  2 DOOR WOODEN SHELF,57,251,1695,395,3400,1695
21276,TWO EMBOSSED HEART MINI DRAWERS,29,677,195,195,1474,195
21277,FRENCH STYLE EMBOSSED HEART CABINET,52,58,2195,1200,4251,2195
21278,VINTAGE KITCHEN PRINT PUDDINGS,121,2770,255,25,517,255
21279,VINTAGE KITCHEN PRINT FRUITS,104,3530,255,25,517,255
21280,VINTAGE KITCHEN PRINT VEGETABLES,70,3333,255,25,517,255
21281,VINTAGE KITCHEN PRINT SEAFOOD,71,3689,255,25,517,255
21282,NATURAL BARK CANDLE LARGE,71,369,425,375,865,425
21283,NATURAL BARK CANDLE SMALL,85,537,325,275,691,325
21284,RETRO SPOT CANDLE  SMALL,143,1561,169,39,343,169
21285,RETRO SPOT CANDLE  MEDIUM,101,1012,210,39,430,210
21286,RETRO SPOT CANDLE  LARGE,103,1009,255,59,517,255
21287,SCENTED VELVET LOUNGE CANDLE,96,4134,38,38,251,38
21288,STRIPEY CHOCOLATE NESTING BOXES,229,993,295,125,604,295
21289,LARGE STRIPES CHOCOLATE GIFT BAG,106,1449,125,38,257,125
21291,SMALL SPOTTY CHOCOLATE GIFT BAG,162,2534,85,64,170,85
21292,SMALL STRIPES CHOCOLATE GIFT BAG,93,2477,85,19,170,85
21293,MIRRORED DOVE WALL DECORATION,86,343,210,210,430,336
21294,ETCHED GLASS COASTER,144,2346,125,39,257,125
21298,EDWARDIAN 2 DRAWER WALL CABINET,14,52,1275,1275,3595,1275
21299,EDWARDIAN TOILET ROLL UNIT,34,166,1275,395,2604,1275
21300,ANTIQUE EDWARDIAN DRESSER,12,53,1275,1275,10430,1275
21303,FILIGREE WALL MIRROR  ANTIQUE WHITE,30,96,1695,595,3474,1695
21304,ARCHED GREY MIRROR,18,86,1275,495,2549,1275
21306,SET/4 DAISY MIRROR MAGNETS,72,685,29,29,336,210
21307,SET/4 BUTTERFLY MIRROR MAGNETS,76,753,210,29,343,210
21308,LOUVRE VANITY MIRROR,6,132,1735,500,1735,1265
21309,LOUVRE CHALKBOARD,5,49,995,600,995,995
21311,SET/4 BIRD MIRROR MAGNETS,101,733,29,29,343,210
21312,LARGE CHUNKY GLASS ROMAN BOWL,27,300,675,195,1357,675
21313,GLASS HEART T-LIGHT HOLDER,432,6889,85,64,170,85
21314,SMALL GLASS HEART TRINKET POT,1097,11658,210,185,695,210
21316,SMALL CHUNKY GLASS ROMAN  BOWL,49,695,295,79,591,295
21317,GLASS SPHERE CANDLE STAND MEDIUM,79,360,545,125,1102,545
21318,GLASS CHALICE BLUE SMALL,95,974,165,39,343,165
21319,GLASS CHALICE GREEN  SMALL,66,510,165,39,343,165
21320,GLASS CHALICE GREEN  LARGE,57,398,255,79,517,255
21321,GLASS CHALICE BLUE  LARGE,18,122,255,210,517,255
21322,GLASS SPHERE CANDLE STAND LARGE,14,301,695,125,1400,665
21323,HANGING MEDINA LANTERN LARGE,84,744,425,280,865,425
21324,HANGING MEDINA LANTERN SMALL,187,1031,295,200,604,295
21326,AGED GLASS SILVER T-LIGHT HOLDER,685,18356,65,55,170,65
21327,SKULLS WRITING SET,521,1967,165,83,343,165
21328,BALLOONS  WRITING SET,685,2535,165,83,343,165
21329,DINOSAURS  WRITING SET,583,2126,165,83,343,165
21330,WOODLAND ANIMAL  WRITING SET,207,1456,165,145,343,165
21331,MOROCCAN BEATEN METAL DISH LARGE,30,110,1275,395,2549,1275
21332,MOROCCAN BEATEN METAL MIRROR,50,270,1275,395,2549,1275
21333,CLASSIC WHITE FRAME,229,1082,295,255,604,295
21335,LIBRARY LAMP,28,42,2195,1895,4343,2195
21336,GOLD WASHBAG,44,1824,295,13,604,295
21337,SILVER WASHBAG,12,33,295,295,604,295
21338,MARAKESH LANTERN SMALL,14,199,595,400,1300,595
21339,MARAKESH LANTERN LARGE,13,30,1995,1695,1995,1995
21340,CLASSIC METAL BIRDCAGE PLANT HOLDER,435,1785,1275,700,2604,1275
21341,KASBAH LANTERN WITH GLASS,29,72,465,425,1039,465
21344,MOROCCAN BEATEN METAL DISH,26,166,995,295,2123,995
21348,PINK SPOTS CHOCOLATE NESTING BOXES,137,845,295,125,604,295
21349,IVY HEART WREATH,180,567,675,595,1387,675
21350,GINGHAM HEART WREATH,45,227,295,255,295,295
21351,CINAMMON & ORANGE WREATH,185,1132,675,195,1387,675
21352,EUCALYPTUS & PINECONE  WREATH,171,917,591,195,1387,591
21353,SILVER SLEIGHBELL  WREATH,9,19,795,795,1735,795
21354,TOAST ITS - BEST MUM,228,2534,125,105,295,125
21355,TOAST ITS - I LOVE YOU,361,3527,125,105,257,125
21356,TOAST ITS - FAIRY FLOWER,367,1624,125,83,257,125
21357,TOAST ITS - DINOSAUR,225,1399,125,105,257,125
21358,TOAST ITS - HAPPY BIRTHDAY,227,1147,125,83,251,125
21359,RELAX LARGE WOOD LETTERS,78,211,1595,395,3400,1595
21360,JOY LARGE WOOD LETTERS,103,444,995,395,2170,995
21361,LOVE LARGE WOOD LETTERS,302,587,1275,1095,2549,1275
21363,HOME SMALL WOOD LETTERS,428,1020,495,495,1102,495
21364,PEACE SMALL WOOD LETTERS,173,476,675,675,1387,675
21365,MIRRORED WALL ART STARS,81,476,75,75,604,295
21366,MIRRORED WALL ART PHOTO FRAMES,82,247,425,329,865,425
21367,MIRRORED WALL ART GENTS,64,215,75,75,517,255
21368,MIRRORED WALL ART LADIES,49,203,75,75,517,75
21369,MIRRORED WALL ART SPLODGES,24,135,125,125,762,250
21370,MIRRORED WALL ART FOXY,23,56,635,125,1300,635
21371,MIRRORED WALL ART POPPIES,64,404,75,75,517,255
21372,MIRRORED WALL ART TABLE LAMP,53,158,75,75,604,295
21373,MIRRORED WALL ART SNOWFLAKES,61,636,75,75,604,75
21374,MIRRORED WALL ART SKULLS,72,474,125,125,778,125
21375,LARGE CAMPHOR WOOD FIELD MUSHROOM,65,139,545,125,1126,1079
21376,LARGE  TALL CAMPHOR WOOD TOADSTOOL,49,188,545,125,1126,545
21377,SMALL CAMPHOR WOOD FIELD  MUSHROOM,101,527,165,39,343,329
21378,SMALL TALL CAMPHOR WOOD TOADSTOOL,89,561,165,39,343,165
21379,CAMPHOR WOOD PORTOBELLO MUSHROOM,129,656,125,39,257,246
21380,WOODEN HAPPY BIRTHDAY GARLAND,671,5057,295,255,604,295
21381,MINI WOODEN HAPPY BIRTHDAY GARLAND,558,5149,169,145,750,169
21382,SET/4 SPRING FLOWER DECORATION,157,1247,295,75,591,163
21383,PACK OF 12 STICKY BUNNIES,344,2233,65,55,170,65
21384,IVORY HANGING DECORATION  BUTTERFLY,154,1923,85,72,195,85
21385,IVORY HANGING DECORATION  HEART,728,10998,85,72,195,85
21386,IVORY HANGING DECORATION  EGG,112,1196,85,19,166,85
21388,IVORY HANGING DECORATION  CHICKEN,30,315,85,85,195,85
21389,IVORY HANGING DECORATION  BIRD,272,2304,85,72,166,85
21390,FILIGRIS HEART WITH BUTTERFLY,613,11025,125,106,295,125
21391,FRENCH EMROIDR LAVENDER SCENT HEART,187,1440,210,75,430,210
21392,RED SPOTTY PUDDING BOWL,51,7548,210,13,430,210
21393,BLUE  SPOTTY PUDDING BOWL,47,5253,210,13,421,210
21394,RED SPOTTY BEAKER,150,4005,39,39,421,39
21395,BLUE SPOTTY BEAKER,117,2980,39,39,421,39
21396,RED SPOTTY EGG CUP,78,948,125,106,343,125
21397,BLUE  SPOTTY EGG CUP,183,2171,125,39,343,125
21398,RED  SPOTTY COFFEE  MUG,129,2299,210,39,430,210
21399,BLUE  SPOTTY  COFFEE MUG,120,2392,39,39,430,163
21400,RED PUDDING SPOON,91,1078,42,12,85,42
21401,BLUE PUDDING SPOON,125,1444,42,12,85,42
21402,RED  EGG  SPOON,152,1698,42,12,85,42
21403,BLUE EGG  SPOON,159,2326,42,12,85,42
21407,BROWN CHECK CAT DOORSTOP,470,1317,425,300,865,425
21408,SPOTTY PINK DUCK DOORSTOP,249,719,425,195,865,425
21410,COUNTRY COTTAGE  DOORSTOP GREEN,153,315,425,250,865,425
21411,GINGHAM HEART  DOORSTOP RED,648,2131,425,195,865,425
21412,VINTAGE GOLD TINSEL REEL,76,277,42,42,430,42
21413,PERIWINKLE T-LIGHT HOLDER,60,3174,125,29,257,125
21414,SCALLOP SHELL SOAP DISH,37,1637,210,36,430,210
21415,CLAM SHELL SMALL,89,361,210,79,430,210
21416,CLAM SHELL LARGE,25,753,375,66,762,375
21417,COCKLE SHELL DISH,121,505,210,79,430,210
21418,STARFISH SOAP DISH,68,195,255,79,517,255
21419,CONCH SHELL,19,1259,375,29,778,375
21420,OYSTER TRINKET BOX,34,122,325,79,677,325
21421,PORCELAIN ROSE LARGE,110,1807,125,106,336,125
21422,PORCELAIN ROSE SMALL,152,3203,85,72,170,85
21424,WOODLAND STORAGE BOX LARGE,142,955,295,125,677,591
21425,SKULLS STORAGE BOX LARGE,95,505,295,125,677,295
21426,WOODLAND STORAGE BOX SMALL,102,1029,210,85,506,210
21427,SKULLS STORAGE BOX SMALL,127,517,210,85,506,210
21428,SET3 BOOK BOX GREEN GINGHAM FLOWER,481,2939,425,266,865,425
21429,RED GINGHAM ROSE JEWELLERY BOX,1056,6593,165,145,413,165
21430,SET/3 RED GINGHAM ROSE STORAGE BOX,840,4751,375,233,778,375
21431,GREEN GINGHAM FLOWER JEWELLERY BOX,283,1488,165,145,343,165
21432,SET OF 3 CASES WOODLAND DESIGN,240,943,595,545,1300,595
21437,24 HANGING EASTER EGGS FLORAL TUB,115,678,375,295,762,375
21438,TUB 24 HANGING EASTER EGGS SPOTTY,38,378,375,295,762,375
21439,BASKET OF TOADSTOOLS,250,2289,125,106,257,125
21440,12 MINI TOADSTOOL PEGS,103,481,125,125,251,125
21441,BLUE BIRDHOUSE DECORATION,136,941,85,19,170,85
21442,GREEN BIRDHOUSE DECORATION,139,978,85,19,170,85
21443,OLIVE CHALET BIRDFEEDER,27,258,375,250,778,375
21444,BLUE CHALET BIRDFEEDER,36,291,375,250,778,375
21445,12 PINK ROSE PEG PLACE SETTINGS,151,1539,125,106,257,125
21446,12 RED ROSE PEG PLACE SETTINGS,254,1277,125,106,257,125
21447,12 IVORY ROSE PEG PLACE SETTINGS,349,2799,125,106,257,125
21448,12 DAISY PEGS IN WOOD BOX,225,970,165,165,343,165
21452,TOADSTOOL MONEY BOX,440,1952,295,255,695,295
21454,PAINTED PINK RABBIT,199,939,85,83,170,85
21455,PAINTED YELLOW WOODEN DAISY,171,901,83,83,166,85
21456,2 PICTURE BOOK EGGS EASTER CHICKS,66,738,125,70,251,125
21457,2 PICTURE BOOK EGGS EASTER DUCKS,66,686,125,70,251,125
21458,2 PICTURE BOOK EGGS EASTER BUNNY,88,768,125,70,251,125
21459,YELLOW EASTER EGG HUNT START POST,44,263,195,165,421,195
21460,GREEN EASTER EGG HUNT START POST,27,113,195,195,421,195
21461,BLUE EASTER EGG HUNT START POST,24,83,195,195,421,195
21462,"NURSERY A,B,C PAINTED LETTERS",180,424,675,195,1357,675
21463,MIRRORED DISCO BALL,312,1376,595,250,2170,595
21464,DISCO BALL ROTATOR BATTERY OPERATED,222,560,425,375,425,425
21465,PINK FLOWER CROCHET FOOD COVER,190,796,375,295,762,375
21466,RED FLOWER CROCHET FOOD COVER,280,937,375,295,778,375
21467,CHERRY CROCHET FOOD COVER,262,1031,375,125,778,375
21468,BUTTERFLY CROCHET FOOD COVER,148,672,375,295,778,375
21469,POLKA DOT RAFFIA FOOD COVER,213,1173,375,125,778,375
21470,FLOWER VINE RAFFIA FOOD COVER,331,1121,375,295,778,375
21471,STRAWBERRY RAFFIA FOOD COVER,326,1419,375,295,778,375
21472,LADYBIRD + BEE RAFFIA FOOD COVER,292,1066,375,295,778,375
21473,SWEETHEART CREAM STEEL TABLE RECT,90,157,1995,1995,9996,1995
21474,SWEETHEART CREAM STEEL FOLDIN BENCH,94,210,1995,1995,1995,1995
21476,STEEL SWEETHEART ROUND TABLE CREAM,87,144,1495,1000,5953,1495
21477,STRING OF 20 ROSE LIGHTS,45,273,1275,1095,2604,1275
21478,SILVER SKULL HOT WATER BOTTLE,96,207,375,339,778,375
21479,WHITE SKULL HOT WATER BOTTLE,1040,6872,375,339,913,375
21480,PINK STRIPE HOT WATER BOTTLE,59,286,295,255,604,295
21481,FAWN BLUE HOT WATER BOTTLE,1136,8557,295,255,1029,295
21482,MUSHROOM BLUE HOT WATER BOTTLE,189,744,295,255,604,295
21484,CHICK GREY HOT WATER BOTTLE,932,4815,345,295,1221,345
21485,RED SPOT HEART HOT WATER BOTTLE,1488,7927,495,425,1221,495
21486,PINK HEART DOTS HOT WATER BOTTLE,310,1154,375,165,778,375
21488,RED WHITE SCARF  HOT WATER BOTTLE,382,2448,395,345,865,395
21489,BLUE WHITE SCARF HOT WATER BOTTLE,14,28,395,395,865,395
21490,SET OF THREE 50'S GIFT WRAPS,57,639,195,165,430,195
21491,SET OF THREE VINTAGE GIFT WRAPS,256,2897,195,165,430,195
21493,VINTAGE DESIGN GIFT TAGS,30,272,85,85,170,85
21494,ROTATING LEAVES T-LIGHT HOLDER,533,3932,125,85,591,166
21495,SKULLS WRAP,378,12515,42,34,42,42
21497,FANCY FONTS BIRTHDAY WRAP,490,17625,42,34,42,42
21498,RED SPOTS  WRAP,813,27201,42,34,42,42
21499,BLUE SPOTS  WRAP,468,15452,42,34,42,42
21500,PINK SPOTS  WRAP,498,16150,42,34,42,42
21503,TOYBOX  WRAP,64,1801,42,34,42,42
21504,SKULLS GREETING CARD,337,5021,42,36,86,42
21506,"FANCY FONT BIRTHDAY CARD,",694,11302,42,36,100,42
21507,"ELEPHANT, BIRTHDAY CARD,",590,8322,42,36,100,42
21508,VINTAGE KID DOLLY CARD,549,6802,42,36,100,42
21509,COWBOYS AND INDIANS BIRTHDAY CARD,636,8817,42,36,100,42
21518,BANK ACCOUNT  GREETING  CARD,111,1131,42,36,86,42
21519,GIN & TONIC DIET GREETING CARD,563,7482,42,36,100,42
21520,BOOZE & WOMEN GREETING CARD,113,995,42,36,86,42
21523,FANCY FONT HOME SWEET HOME DOORMAT,1151,7050,795,458,1698,795
21524,SPOTTY  HOME SWEET HOME DOORMAT,1184,5342,795,400,1698,795
21527,RETRO SPOT TRADITIONAL TEAPOT,873,3429,795,475,1735,795
21528,DAIRY MAID TRADITIONAL TEAPOT,267,910,695,400,1387,695
21529,RETRO SPOT CERAMIC TOASTRACK,156,513,345,295,604,345
21530,DAIRY MAID CERAMIC TOASTRACK,172,966,79,79,604,295
21531,RETRO SPOT SUGAR JAM BOWL,805,4146,255,210,517,255
21532,DAIRY MAID SUGAR JAM BOWL,94,1389,210,75,430,210
21533,RETRO SPOT LARGE MILK JUG,1009,3421,495,425,1195,495
21534,DAIRY MAID LARGE MILK JUG,364,959,495,413,1039,495
21535,RETRO SPOT SMALL MILK JUG,1159,6811,255,210,517,255
21536,DAIRY MAID  SMALL  MILK JUG,64,223,210,210,430,210
21537,RETRO SPOTS PUDDING BOWL,273,1054,425,375,865,425
21538,DAIRY MAID  PUDDING BOWL,54,1314,375,125,778,375
21539,RETRO SPOTS BUTTER DISH,745,2784,495,425,1039,495
21540,DAIRY MAID CERAMIC BUTTER DISH,89,1325,425,125,865,425
21541,DINOSAURS WATER TRANSFER TATTOOS,203,1907,85,65,170,85
21542,WOODLAND WATER TRANSFER TATTOOS,192,1882,85,65,170,85
21543,BUTTERFLY WATER TRANSFER TATTOOS,24,284,85,65,170,85
21544,SKULLS  WATER TRANSFER TATTOOS,522,6131,85,65,170,85
21545,CERAMIC BIRDHOUSE BUTTERFLY SMALL,84,698,295,185,604,295
21547,CERAMIC BIRDHOUSE CRESTED TIT SMALL,124,728,295,200,604,295
21548,CERAMIC BIRDHOUSE FINCH BLUE ROOF,115,691,295,200,604,295
21549,CERAMIC BIRDHOUSE RED ROOF SMALL,52,547,295,200,604,295
21550,CERAMIC BIRDHOUSE CRESTED TIT LARGE,73,301,595,400,1300,595
21551,CERAMIC BIRDHOUSE BUTTERFLY LARGE,22,169,595,400,1300,595
21552,CERAMIC BIRDHOUSE BLACK ROSE  LARGE,37,166,595,400,1300,595
21553,CERAMIC BIRDHOUSE FINCH BLUE  LARGE,41,92,595,400,1300,595
21554,CERAMIC BIRDHOUSE RED ROOF LARGE,23,168,595,400,1300,595
21555,CERAMIC STRAWBERRY TRINKET TRAY,135,431,255,225,517,255
21556,CERAMIC STRAWBERRY MONEY BOX,305,1628,255,225,591,255
21557,SET OF 6 FUNKY BEAKERS,315,956,295,246,604,295
21558,SKULL LUNCHBOX WITH CUTLERY,809,4261,255,210,517,255
21559,STRAWBERRY LUNCHBOX WITH CUTLERY,1280,8341,255,210,517,255
21561,DINOSAUR LUNCHBOX WITH CUTLERY,534,2988,255,210,517,255
21562,HAWAIIAN GRASS SKIRT,74,678,125,106,421,125
21563,RED HEART SHAPE LOVE BUCKET,372,2802,295,79,604,295
21564,PINK  HEART SHAPE LOVE BUCKET,301,1968,295,79,604,295
21576,LETS GO SHOPPING COTTON TOTE BAG,211,743,225,163,517,225
21577,SAVE THE PLANET COTTON TOTE BAG,480,2593,225,163,517,225
21578,WOODLAND DESIGN  COTTON TOTE BAG,397,2224,225,163,517,225
21579,LOLITA  DESIGN  COTTON TOTE BAG,147,1044,225,85,517,225
21580,RABBIT  DESIGN  COTTON TOTE BAG,176,551,225,163,517,225
21581,SKULLS  DESIGN  COTTON TOTE BAG,214,1188,225,85,517,225
21582,KINGS CHOICE SMALL TUBE MATCHES,17,117,165,165,165,165
21584,RETRO SPOT SMALL TUBE MATCHES,393,3876,165,145,165,165
21586,KINGS CHOICE GIANT TUBE MATCHES,259,2664,255,210,255,255
21587,COSY HOUR GIANT TUBE MATCHES,295,2211,255,210,255,255
21588,RETRO SPOT GIANT  TUBE MATCHES,306,3398,255,210,255,255
21589,SWALLOW GIANT TUBE MATCHES,89,1119,255,210,255,255
21590,KINGS CHOICE CIGAR BOX MATCHES,302,3456,125,106,125,125
21591,COSY HOUR CIGAR BOX MATCHES,410,4124,125,106,295,125
21592,RETRO SPOT  CIGAR BOX MATCHES,515,5991,125,39,125,125
21593,SWALLOW CIGAR BOX MATCHES,97,1392,125,106,125,125
21594,Dr. Jam's Arouzer Stress Ball,6,6,421,413,430,421
21595,Dad's Cab Electronic Meter,11,11,847,847,865,847
21596,Hypochondriac Pill Stress Ball,9,10,430,421,430,430
21609,SET 12 LAVENDER  BOTANICAL T-LIGHTS,228,1516,295,255,591,295
21610,SET 12 PEAR BOTANICAL T-LIGHTS,104,549,295,255,604,295
21611,SET OF 12 LILY BOTANICAL T-LIGHTS,155,754,295,255,604,295
21612,SET 12 WILDFLOWER BOTANICAL T-LIGHT,114,698,295,255,604,295
21613,S/12 VANILLA  BOTANICAL T-LIGHTS,149,636,295,255,604,295
21614,SET OF 12 ROSE BOTANICAL T-LIGHTS,198,1628,295,255,591,295
21615,4 LAVENDER BOTANICAL DINNER CANDLES,175,1187,125,125,746,246
21616,4 PEAR BOTANICAL DINNER CANDLES,200,1164,125,125,762,251
21617,4 LILY  BOTANICAL DINNER CANDLES,178,854,375,125,746,375
21618,4 WILDFLOWER BOTANICAL CANDLES,149,704,375,125,762,329
21619,4 VANILLA BOTANICAL CANDLES,220,1139,125,125,762,246
21620,S/4 ROSE    BOTANICAL  CANDLE,234,1105,125,125,762,246
21621,VINTAGE UNION JACK BUNTING,1330,6945,850,698,1995,850
21622,VINTAGE UNION JACK CUSHION COVER,648,3745,495,85,1387,495
21623,VINTAGE UNION JACK MEMOBOARD,553,7200,995,638,2038,995
21624,VINTAGE UNION JACK DOORSTOP,415,1787,595,495,1213,595
21625,VINTAGE UNION JACK APRON,357,1016,695,413,1474,695
21626,VINTAGE UNION JACK PENNANT,214,1515,195,163,430,195
21627,ELEPHANT CARNIVAL POUFFE,120,201,1495,1275,3043,2917
21628,TRIANGULAR POUFFE VINTAGE,89,167,1495,1275,3043,2917
21629,SQUARE FLOOR CUSHION VINTAGE PINK,109,181,795,695,1648,795
21630,FLOOR CUSHION ELEPHANT CARNIVAL,99,167,895,795,1909,895
21631,HIPPY CHIC DECORATIVE PARASOL,54,221,1275,395,2549,1275
21632,VINTAGE PINK DECORATIVE PARASOL,55,134,1275,395,2549,1275
21633,SUNFLOWER DECORATIVE PARASOL,73,176,1275,395,2604,1275
21634,ASSORTED MINI MADRAS NOTEBOOK,71,1773,125,39,257,125
21635,MADRAS NOTEBOOK LARGE,45,403,375,125,778,375
21636,MADRAS NOTEBOOK MEDIUM,107,1032,75,75,517,75
21637,ASSORTED SANSKRIT MINI NOTEBOOK,93,1358,125,106,257,125
21638,ASSORTED TUTTI FRUTTI NOTEBOOK,153,1048,210,210,430,210
21639,ASSORTED TUTTI FRUTTI KEYRING,15,259,85,85,170,85
21640,ASSORTED TUTTI FRUTTI  FOB NOTEBOOK,224,2269,85,72,170,85
21641,ASSORTED TUTTI FRUTTI KEYRING BALL,116,1674,166,29,170,163
21642,ASSORTED TUTTI FRUTTI PEN,269,4425,85,29,170,85
21643,ASSORTED TUTTI FRUTTI MIRROR,210,1536,125,106,257,125
21644,ASSORTED TUTTI FRUTTI HEART BOX,150,1106,125,125,257,125
21645,ASSORTED TUTTI FRUTTI ROUND BOX,142,999,165,165,343,165
21647,ASSORTED TUTTI FRUTTI LARGE PURSE,163,880,210,210,430,210
21648,ASSORTED TUTTI FRUTTI SMALL PURSE,245,2997,125,106,257,125
21649,ASSORTED TUTTI FRUTTI PHOTO FRAME,29,421,295,255,604,295
21650,ASSORTED TUTTI FRUTTI BRACELET,216,3262,65,19,170,65
21651,HANGING GLASS ETCHED TEALIGHT,137,1436,165,145,343,165
21652,GLASS ETCHED T-LIGHT HOLDER MEDIUM,81,903,195,165,421,195
21653,GLASS ETCHED T-LIGHT HOLDER LARGE,120,1251,210,185,421,210
21654,RIDGED GLASS FINGER BOWL,86,1201,39,39,343,145
21655,HANGING RIDGE GLASS T-LIGHT HOLDER,90,1402,169,145,343,169
21656,RIDGED GLASS POSY VASE,143,995,145,125,343,145
21657,MILK BOTTLE WITH GLASS STOPPER,125,272,695,595,1474,695
21658,GLASS  BEURRE DISH,546,2263,395,339,865,395
21659,GLASS CAKE STAND,67,121,1495,1275,3039,1495
21661,VINTAGE GLASS TEA CADDY,100,240,595,545,1213,595
21662,VINTAGE GLASS COFFEE CADDY,111,274,595,545,1213,595
21663,VINTAGE GLASS SUGAR CADDY,32,76,595,545,1213,595
21664,RIDGED GLASS STORAGE JAR CREAM LID,73,268,375,339,778,375
21665,TRIANGULAR RIDGED GLASS POSY HOLDER,78,879,65,55,170,65
21666,RIDGED GLASS T-LIGHT HOLDER,88,1767,65,55,170,65
21667,GLASS CAKE COVER AND PLATE,163,354,1695,1495,3474,1695
21668,RED STRIPE CERAMIC DRAWER KNOB,853,10464,125,106,395,125
21669,BLUE STRIPE CERAMIC DRAWER KNOB,848,10763,125,106,395,125
21670,BLUE SPOT CERAMIC DRAWER KNOB,795,8997,125,85,395,125
21671,RED SPOT CERAMIC DRAWER KNOB,747,9590,125,85,395,125
21672,WHITE SPOT RED CERAMIC DRAWER KNOB,840,11210,125,85,750,125
21673,WHITE SPOT BLUE CERAMIC DRAWER KNOB,793,10276,125,85,395,125
21674,RIDGED GLASS PENDANT LAMPSHADE,10,44,1695,1495,1695,1695
21675,BUTTERFLIES STICKERS,278,1829,85,72,170,85
21676,FLOWERS  STICKERS,162,1212,85,38,170,85
21677,HEARTS  STICKERS,288,2176,85,72,170,85
21678,PAISLEY PATTERN  STICKERS,84,582,85,38,170,85
21679,SKULLS  STICKERS,381,4955,85,72,170,85
21680,WOODLAND  STICKERS,277,2939,85,72,170,85
21681,GIANT MEDINA STAMPED METAL BOWL,81,235,995,850,2038,995
21682,LARGE MEDINA STAMPED METAL BOWL,155,579,495,425,1017,495
21683,MEDIUM MEDINA STAMPED METAL BOWL,157,962,295,255,604,295
21684,SMALL MEDINA STAMPED METAL BOWL,110,1747,85,64,251,85
21686,MEDINA STAMPED METAL STOOL,34,66,3995,500,7829,3995
21687,SILVER PLATE CANDLE BOWL LARGE,110,481,375,339,865,375
21688,SILVER PLATE CANDLE BOWL SMALL,151,967,295,295,604,295
21689,SILVER VANILLA  FLOWER CANDLE POT,64,344,375,339,847,375
21690,SILVER  CANDLEPOT JARDIN,101,285,375,295,865,375
21691,SILVER VANILLA FLOWER CANDLE POT,84,254,375,339,865,375
21692,SILVER LATTICE VANILLA CANDLE POT,130,519,375,339,865,375
21693,SMALL HAMMERED SILVER CANDLEPOT,134,949,295,255,604,295
21694,SMALL REGAL  SILVER CANDLEPOT,73,580,295,255,604,295
21695,SMALL SILVER FLOWER CANDLE POT,106,654,295,255,604,295
21696,SMALL SILVER TRELLIS CANDLEPOT,116,798,295,295,604,295
21697,SET 5 MINI DOUGHNUT FRIDGE MAGNET,7,372,169,30,169,169
21698,MOCK LOBSTER FRIDGE MAGNET,119,539,166,39,170,163
21700,BIG DOUGHNUT FRIDGE MAGNETS,547,6470,85,72,865,85
21702,SET 5 MINI GATEAUX  FRIDGE MAGNETS,8,2636,169,30,169,169
21703,BAG 125g SWIRLY MARBLES,587,14797,42,27,85,42
21704,BAG 250g SWIRLY MARBLES,591,17304,85,72,170,85
21705,BAG 500g SWIRLY MARBLES,235,2563,165,39,336,165
21706,"FOLDING UMBRELLA , RED/WHITE SPOT",263,1360,495,195,1039,495
21707,"FOLDING UMBRELLA , BLACK/BLUE  SPOT",175,1010,495,195,1039,495
21708,FOLDING UMBRELLA  CREAM/MULTI  SPOT,133,614,495,195,1039,495
21709,FOLDING UMBRELLA  CHOC/WHITE  SPOT,120,700,495,195,1039,495
21710,FOLDING UMBRELLA  PINK/WHITE  SPOT,116,731,495,195,1039,495
21711,FOLDING UMBRELLA  WHITE/RED  SPOT,74,385,495,195,1039,495
21713,CITRONELLA CANDLE FLOWERPOT,411,2783,210,85,430,210
21714,CITRONELLA CANDLE GARDEN POT,535,4324,125,65,654,125
21715,GIRLS VINTAGE TIN SEASIDE BUCKET,494,3564,255,174,695,255
21716,BOYS VINTAGE TIN SEASIDE BUCKET,507,3750,255,159,695,255
21717,EASTER TIN BUCKET,180,1562,255,210,517,255
21718,RED METAL BEACH SPADE,476,4047,125,85,257,125
21719,LOVELY BONBON STICKER SHEET,153,942,85,72,170,85
21720,CAKE SHOP  STICKER SHEET,115,1082,85,72,170,85
21721,CANDY SHOP  STICKER SHEET,156,1140,85,72,170,85
21722,SWEET PUDDING STICKER SHEET,84,363,85,83,170,85
21723,ALPHABET HEARTS STICKER SHEET,144,899,85,79,170,85
21724,PANDA AND BUNNIES STICKER SHEET,187,1038,85,79,170,85
21725,SWEETIES  STICKERS,183,1159,85,85,170,85
21726,MULTI HEARTS  STICKERS,168,1114,85,72,170,85
21728,METAL MEDINA LANTERN,42,300,1275,800,2604,1275
21729,SMALL MARAKESH METAL  LANTERN,31,124,325,275,691,325
21730,GLASS STAR FROSTED T-LIGHT HOLDER,334,1278,495,425,1039,495
21731,RED TOADSTOOL LED NIGHT LIGHT,1603,29715,165,125,421,165
21732,RED HANGING METAL STAR TLIGHT HLDR,62,933,375,339,778,375
21733,RED HANGING HEART T-LIGHT HOLDER,1866,17999,295,230,604,295
21734,SMALL MARAKESH LANTERN ON STICK,31,98,375,375,778,375
21735,TWO DOOR CURIO CABINET,268,887,1275,600,2604,1275
21736,GOLD SCROLL GLASS T-LIGHT HOLDER,30,205,210,39,430,210
21737,SET 3 WICKER LOG BASKETS,166,400,1995,1695,4251,1995
21738,COSY SLIPPER SHOES SMALL  RED,155,451,295,255,604,295
21739,COSY SLIPPER SHOES SMALL GREEN,184,511,295,246,604,295
21740,COSY SLIPPER SHOES LARGE RED,70,204,295,295,604,295
21741,COSY SLIPPER SHOES LARGE GREEN,202,739,295,255,604,295
21742,LARGE ROUND WICKER PLATTER,200,442,595,595,1272,595
21743,STAR PORTABLE TABLE LIGHT,203,1447,295,255,604,295
21744,SNOWFLAKE PORTABLE TABLE LIGHT,237,931,295,246,604,295
21745,GAOLERS KEYS DECORATIVE GARDEN,502,2737,375,200,865,375
21746,SMALL RED SPOT  WINDMILL,500,5970,125,106,295,125
21747,SMALL SKULL WINDMILL,155,2050,125,105,257,125
21749,LARGE RED SPOT WINDMILL,288,5661,210,185,430,210
21750,LARGE SKULL WINDMILL,64,313,210,185,421,210
21752,GLASS CAKE STAND MIRRORED BASE,38,78,1495,1275,3039,1495
21754,HOME BUILDING BLOCK WORD,2172,7847,595,545,1213,595
21755,LOVE BUILDING BLOCK WORD,1783,5774,595,545,1246,595
21756,BATH BUILDING BLOCK WORD,615,1671,595,545,1213,595
21757,LIGHTHOUSE PRINTED METAL SIGN,43,80,495,495,1039,495
21758,VINTAGE SHELLS PRINT,82,138,645,595,1272,645
21759,METAL WALL SHELF UNIT WITH HOOKS,13,30,4995,2562,10213,4995
21760,FRENCH STYLE WALL DRESSER,13,15,12500,5000,12500,12500
21761,WOOD AND GLASS MEDICINE CABINET,26,67,2995,2695,2995,2995
21763,VINTAGE WOODEN BAR STOOL,17,43,2995,2000,2995,2995
21764,VINTAGE WOODEN PLATE RACK,11,17,3995,3495,3995,3995
21765,HANGING METAL BIRD BATH,154,381,795,735,1735,795
21768,WALL MOUNTED VINTAGE ORGANISER,166,510,1495,926,3039,1495
21769,VINTAGE POST OFFICE CABINET,50,134,7995,5277,7995,7995
21770,OPEN CLOSED METAL SIGN,656,2996,495,425,1039,495
21773,DECORATIVE ROSE BATHROOM BOTTLE,319,1665,125,42,257,246
21774,DECORATIVE CATS BATHROOM BOTTLE,384,1748,251,42,257,246
21775,DECORATIVE FLORE BATHROOM BOTTLE,284,883,251,42,257,246
21777,RECIPE BOX WITH METAL HEART,379,1147,795,695,1735,795
21779,MA CAMPAGNE MINI WOODEN CHEST,22,301,295,295,850,295
21780,MA CAMPAGNE 4 DRAWER WALL SHELF,32,203,595,500,3039,1114
21781,MA CAMPAGNE CUTLERY BOX,382,671,1495,1275,3039,1495
21784,SHOE SHINE BOX,187,302,995,850,2170,995
21785,RAIN PONCHO,112,2016,85,65,170,85
21786,RAIN HAT WITH RED SPOTS,493,7801,42,32,85,79
21787,RAIN PONCHO WITH RED SPOTS,491,15192,85,65,195,85
21788,KIDS RAIN MAC BLUE,217,3404,85,65,170,85
21789,KIDS RAIN MAC PINK,227,2950,85,65,170,85
21790,VINTAGE SNAP CARDS,1975,27942,85,58,195,85
21791,VINTAGE HEADS AND TAILS CARD GAME,1382,18585,125,106,295,125
21792,CLASSIC FRENCH STYLE BASKET GREEN,145,498,675,395,1357,675
21793,CLASSIC FRENCH STYLE BASKET BROWN,103,353,395,395,746,395
21794,CLASSIC FRENCH STYLE BASKET NATURAL,181,716,395,200,1357,675
21795,SET OF 3 BLUE STRIPE BASKET,80,441,1275,686,2549,1275
21796,SET OF 3 RED STRIPE BASKETS,67,324,1275,686,1275,1275
21801,CHRISTMAS TREE DECORATION WITH BELL,276,3789,42,42,87,42
21802,CHRISTMAS TREE HEART DECORATION,346,4738,42,36,87,42
21803,CHRISTMAS TREE STAR DECORATION,344,4853,42,42,87,42
21804,WHITE CHRISTMAS GARLAND STARS TREES,153,620,375,329,778,375
21805,WHITE CHRISTMAS TREE DECORATION,105,2221,42,36,87,42
21806,WHITE CHRISTMAS HEART DECORATION,133,2717,42,36,87,42
21807,WHITE CHRISTMAS STAR DECORATION,191,3433,42,36,87,42
21808,"CHRISTMAS GARLAND STARS,TREES",150,1016,375,125,778,375
21809,CHRISTMAS HANGING TREE WITH BELL,225,3050,125,39,257,125
21810,CHRISTMAS HANGING STAR WITH BELL,378,7114,39,39,257,83
21811,CHRISTMAS HANGING HEART WITH BELL,429,6461,125,39,257,125
21812,GARLAND WITH HEARTS AND BELLS,216,841,495,329,1039,495
21813,GARLAND WITH STARS AND BELLS,200,848,495,329,1039,495
21814,HEART T-LIGHT HOLDER,107,691,145,125,304,145
21815,STAR  T-LIGHT HOLDER,107,750,145,125,304,145
21816,CHRISTMAS TREE T-LIGHT HOLDER,54,426,145,145,304,145
21817,GLITTER CHRISTMAS TREE,149,1772,85,39,166,85
21818,GLITTER CHRISTMAS HEART,326,4434,85,39,170,85
21819,GLITTER CHRISTMAS STAR,268,3938,85,39,170,85
21820,GLITTER HEART GARLAND WITH BELLS,200,836,375,339,778,375
21821,GLITTER STAR GARLAND WITH BELLS,168,736,375,339,778,375
21822,GLITTER CHRISTMAS TREE WITH BELLS,162,1132,195,79,430,163
21823,PAINTED METAL HEART WITH HOLLY BELL,238,2487,145,39,304,145
21824,PAINTED METAL STAR WITH HOLLY BELLS,228,2803,145,39,304,145
21825,PAINTED METAL TREE WITH HOLLY BELLS,83,737,145,125,304,145
21826,EIGHT PIECE DINOSAUR SET,266,1833,125,106,257,125
21827,EIGHT PIECE CREEPY CRAWLIE SET,148,843,125,106,257,125
21828,EIGHT PIECE SNAKE  SET,193,1118,125,106,257,125
21829,DINOSAUR KEYRINGS ASSORTED,424,15269,21,18,43,21
21830,ASSORTED CREEPY CRAWLIES,278,8119,42,36,87,42
21832,CHOCOLATE CALCULATOR,488,3439,165,145,343,165
21833,CAMOUFLAGE LED TORCH,461,6563,169,145,343,169
21836,GINGHAM OVEN GLOVE RED HEART,104,253,375,375,778,375
21837,CROSS STITCH ALPHABET CUSHION COVER,92,245,595,595,1474,595
21839,MUMMY MOUSE RED GINGHAM RIBBON,86,204,545,495,1102,545
21841,BABY MOUSE RED GINGHAM DRESS,138,441,425,375,865,425
21842,PINK HEART CANDY BUTTON CALCULATOR,47,551,255,210,517,255
21843,RETRO SPOT CAKE STAND,1570,6290,1095,400,2170,1095
21844,RETRO SPOT MUG,509,5443,295,255,604,295
21845,DAIRY MAID STRIPE MUG,161,2540,295,79,604,295
21846,PINK DIAMANTE PEN IN GIFT BOX,275,1649,421,125,829,421
21847,GREEN  DIAMANTE PEN IN GIFT BOX,73,348,495,125,829,257
21849,SILVER DIAMANTE PEN IN GIFT BOX,144,660,495,125,829,421
21850,BLUE  DIAMANTE PEN IN GIFT BOX,114,460,495,125,829,421
21851,LILAC DIAMANTE PEN IN GIFT BOX,159,645,421,125,829,421
21864,UNION JACK FLAG PASSPORT COVER,431,1965,210,163,495,210
21865,PINK UNION JACK  PASSPORT COVER,312,908,210,83,495,210
21866,UNION JACK FLAG LUGGAGE TAG,484,2227,125,83,336,125
21867,PINK UNION JACK  LUGGAGE TAG,325,1182,125,83,295,125
21868,POTTING SHED TEA MUG,917,9255,125,80,343,125
21869,POTTING SHED COFFEE MUG,113,1267,125,106,343,125
21870,I CAN ONLY PLEASE ONE PERSON MUG,669,6398,125,106,343,125
21871,SAVE THE PLANET MUG,824,11698,125,80,395,125
21872,GLAMOROUS  MUG,345,5125,125,80,343,125
21873,IF YOU CAN'T STAND THE HEAT MUG,210,2079,125,42,343,125
21874,GIN AND TONIC MUG,648,6489,125,95,343,125
21875,KINGS CHOICE MUG,432,6860,125,85,343,125
21876,POTTERING MUG,649,5728,125,42,343,125
21877,HOME SWEET HOME MUG,783,14187,125,80,395,125
21878,PACK OF 6 SANDCASTLE FLAGS ASSORTED,418,5596,85,72,166,85
21879,HEARTS GIFT TAPE,159,1579,65,19,170,65
21880,RED AND WHITE SPOT TAPE,335,2519,42,19,170,65
21881,CUTE CATS TAPE,120,1345,65,19,170,65
21882,SKULLS TAPE,129,1064,65,19,170,65
21883,STARS GIFT TAPE,233,2414,65,19,170,65
21884,CAKES AND BOWS GIFT  TAPE,167,1455,65,19,170,65
21888,BINGO SET,858,3586,375,339,778,375
21889,WOODEN BOX OF DOMINOES,1192,13231,125,106,336,125
21890,S/6 WOODEN SKITTLES IN COTTON BAG,587,3549,295,198,604,295
21891,TRADITIONAL WOODEN SKIPPING ROPE,903,12282,125,102,257,125
21892,TRADITIONAL WOODEN CATCH CUP GAME,882,7972,125,106,257,125
21893,POTTING SHED SEED TIN,20,172,425,280,865,425
21894,POTTING SHED SEED ENVELOPES,262,1352,125,106,257,125
21895,POTTING SHED SOW 'N' GROW SET,88,557,425,140,865,425
21896,POTTING SHED TWINE,303,2412,210,138,430,210
21897,POTTING SHED CANDLE CITRONELLA,114,872,295,255,604,295
21898,POTTING SHED ROSE CANDLE,119,829,295,246,591,295
21899,"KEY FOB , GARAGE DESIGN",655,6804,65,53,170,65
21900,"KEY FOB , SHED",871,8472,65,53,170,65
21901,"KEY FOB , BACK DOOR",733,6300,65,53,170,65
21902,"KEY FOB , FRONT  DOOR",502,5457,65,53,170,65
21903,MAN FLU METAL SIGN,430,3476,210,140,430,210
21904,HOUSE WRECKING METAL SIGN,151,764,210,85,430,210
21905,MORE BUTTER METAL SIGN,267,1624,210,79,421,166
21906,PHARMACIE FIRST AID TIN,443,1819,675,595,1357,675
21907,I'M ON HOLIDAY METAL SIGN,799,5264,210,185,421,210
21908,CHOCOLATE THIS WAY METAL SIGN,1017,9865,210,148,430,210
21910,WAY OUT METAL SIGN,112,1067,165,100,336,165
21911,GARDEN METAL SIGN,355,2569,165,100,395,165
21912,VINTAGE SNAKES & LADDERS,857,3800,375,262,778,375
21913,VINTAGE SEASIDE JIGSAW PUZZLES,311,1157,375,329,778,375
21914,BLUE HARMONICA IN BOX,1009,13311,125,106,604,125
21915,RED  HARMONICA IN BOX,1073,38191,125,98,295,125
21916,SET 12 RETRO WHITE CHALK STICKS,748,11154,42,36,100,42
21917,SET 12 KIDS  WHITE CHALK STICKS,485,8082,42,36,85,42
21918,SET 12 KIDS COLOUR  CHALK STICKS,821,14747,42,36,85,42
21919,Electronic Talking Breath-A-Loser,5,6,506,506,517,506
21922,UNION STRIPE WITH FRINGE  HAMMOCK,396,1452,795,662,1698,795
21923,RED/CREAM STRIPE FRINGE HAMMOCK,120,339,795,695,1735,795
21924,BLUE/CREAM STRIPE FRINGE HAMMOCK,124,315,795,695,1735,795
21925,UNION STRIPE CUSHION COVER,171,1217,125,106,591,125
21926,RED/CREAM STRIPE CUSHION COVER,148,1011,125,106,591,125
21927,BLUE/CREAM STRIPE CUSHION COVER,194,1284,125,106,591,125
21928,JUMBO BAG SCANDINAVIAN PAISLEY,1585,24780,195,133,506,195
21929,JUMBO BAG PINK VINTAGE PAISLEY,1658,25954,195,133,506,195
21930,JUMBO STORAGE BAG SKULLS,1369,13657,195,130,506,195
21931,JUMBO STORAGE BAG SUKI,2398,29503,195,130,506,195
21932,SCANDINAVIAN PAISLEY PICNIC BAG,664,3889,165,165,695,246
21933,PINK VINTAGE PAISLEY PICNIC BAG,648,4151,165,165,695,246
21934,SKULL SHOULDER BAG,742,4648,165,145,421,165
21935,SUKI  SHOULDER BAG,948,7209,165,145,421,165
21936,RED/WHITE SPOT PICNIC BAG,1071,7833,295,255,604,295
21937,STRAWBERRY   PICNIC BAG,677,4123,295,255,604,295
21942,SKULLS DESIGN FLANNEL,233,1689,85,38,170,163
21943,CAKES AND RABBITS DESIGN FLANNEL,151,593,85,38,170,85
21944,KITTENS DESIGN FLANNEL,211,1798,85,38,170,85
21945,STRAWBERRIES  DESIGN FLANNEL,254,1903,85,38,170,163
21946,PARTY TIME DESIGN FLANNEL,67,625,85,38,170,85
21947,SET OF 6 HEART CHOPSTICKS,313,1711,125,106,257,125
21948,SET OF 6 CAKE CHOPSTICKS,280,2310,125,106,257,246
21949,SET OF 6 STRAWBERRY CHOPSTICKS,281,2636,125,106,257,125
21950,SET OF 6 DOTS CHOPSTICKS,18,211,257,106,257,257
21955,UNION JACK GUNS & ROSES  DOORMAT,758,3943,795,400,1698,749
21967,PACK OF 12 SKULL TISSUES,515,15917,29,25,85,29
21972,SET OF 36 DINOSAUR PAPER DOILIES,172,1056,145,125,383,145
21973,SET OF 36 MUSHROOM PAPER DOILIES,211,1676,145,125,304,145
21974,SET OF 36 PAISLEY FLOWER DOILIES,816,7059,145,125,383,145
21975,PACK OF 60 DINOSAUR CAKE CASES,1381,31575,55,40,130,55
21976,PACK OF 60 MUSHROOM CAKE CASES,1002,14818,55,42,213,55
21977,PACK OF 60 PINK PAISLEY CAKE CASES,2081,56794,55,40,213,55
21980,PACK OF 12 RED SPOTTY TISSUES,699,31551,29,20,100,29
21981,PACK OF 12 WOODLAND TISSUES,592,26472,29,20,85,29
21982,PACK OF 12 SUKI TISSUES,765,32827,29,20,100,29
21983,PACK OF 12 BLUE PAISLEY TISSUES,340,6275,29,20,85,29
21984,PACK OF 12 PINK PAISLEY TISSUES,460,25509,29,25,85,29
21985,PACK OF 12 HEARTS DESIGN TISSUES,965,25708,29,20,85,29
21986,PACK OF 12 PINK SPOT TISSUES,487,13536,29,20,100,29
21987,PACK OF 6 SKULL PAPER CUPS,399,6438,65,53,166,65
21988,PACK OF 6 SKULL PAPER PLATES,428,7855,85,64,170,85
21989,PACK OF 20 SKULL PAPER NAPKINS,674,8584,85,64,251,85
21990,MODERN FLORAL STATIONERY SET,519,2500,246,125,604,246
21991,BOHEMIAN COLLAGE STATIONERY SET,301,1118,246,125,604,246
21992,VINTAGE PAISLEY STATIONERY SET,693,3437,246,125,604,246
21993,FLORAL FOLK STATIONERY SET,603,2907,246,125,604,246
22021,BLUE FELT EASTER EGG BASKET,241,1439,165,145,395,165
22023,EMPIRE BIRTHDAY CARD,445,5112,42,36,86,42
22024,RAINY LADIES BIRTHDAY CARD,449,5478,42,36,86,42
22025,RING OF ROSES BIRTHDAY CARD,293,4011,42,36,86,42
22026,BANQUET BIRTHDAY  CARD,370,4066,42,36,86,42
22027,TEA PARTY BIRTHDAY CARD,864,11459,42,36,100,42
22028,PENNY FARTHING BIRTHDAY CARD,516,6408,42,36,86,42
22029,SPACE BOY BIRTHDAY CARD,1126,17895,42,36,100,42
22030,SWALLOWS GREETING CARD,716,13059,42,36,86,42
22031,BOTANICAL LAVENDER BIRTHDAY CARD,143,1137,42,36,85,42
22032,BOTANICAL LILY GREETING CARD,111,980,42,36,85,42
22033,BOTANICAL ROSE GREETING CARD,129,1615,42,36,85,42
22034,ROBIN CHRISTMAS CARD,98,1656,42,36,86,42
22035,VINTAGE CARAVAN GREETING CARD,365,4109,42,36,86,42
22036,DINOSAUR BIRTHDAY CARD,137,1673,42,36,86,42
22037,ROBOT BIRTHDAY CARD,651,7192,42,36,86,42
22038,BOTANICAL LAVENDER GIFT WRAP,45,1150,42,34,42,42
22039,BOTANICAL LILY GIFT WRAP,30,850,42,34,42,42
22040,BOTANICAL ROSE GIFT WRAP,94,2815,42,34,42,42
22041,"RECORD FRAME 7"" SINGLE SIZE",577,7861,255,210,579,255
22042,CHRISTMAS CARD SINGING ANGEL,141,1841,42,19,86,42
22043,CHRISTMAS CARD SCREEN PRINT,131,2234,42,19,43,42
22044,CHRISTMAS CARD STACK OF PRESENTS,93,2000,42,19,86,42
22045,SPACE BOY GIFT WRAP,478,14667,42,34,42,42
22046,TEA PARTY  WRAPPING PAPER,208,6375,42,34,42,42
22047,EMPIRE GIFT WRAP,263,8300,42,34,42,42
22048,BIRTHDAY BANQUET GIFT WRAP,103,2840,42,34,42,42
22049,WRAP CHRISTMAS SCREEN PRINT,119,3625,19,19,42,19
22050,PINK PAISLEY ROSE GIFT WRAP,116,3325,42,34,42,42
22051,BLUE SCANDINAVIAN PAISLEY WRAP,118,3225,42,34,42,42
22052,VINTAGE CARAVAN GIFT WRAP,131,3600,42,34,42,42
22053,EMPIRE DESIGN ROSETTE,89,4553,125,82,257,125
22054,MINI CAKE STAND HANGING HEARTS,80,363,165,145,343,165
22055,MINI CAKE STAND  HANGING STRAWBERY,762,4945,165,39,343,165
22056,CERAMIC PLATE LOVE HEART DESIGN,35,611,149,87,343,149
22057,CERAMIC PLATE STRAWBERRY DESIGN,264,3081,149,39,343,149
22058,CERAMIC LOVE HEARTS DESIGN MUG,117,528,149,149,343,149
22059,CERAMIC STRWBERRY DESIGN MUG,514,5084,149,39,343,149
22060,LARGE CAKE STAND HANGING HEARTS,164,737,995,395,2170,995
22061,LARGE CAKE STAND  HANGING STRAWBERY,530,2189,995,295,2170,995
22062,CERAMIC BOWL WITH LOVE HEART DESIGN,139,769,295,83,604,246
22063,CERAMIC BOWL WITH STRAWBERRY DESIGN,376,2327,295,79,604,295
22064,PINK DOUGHNUT TRINKET POT,733,6711,165,39,343,165
22065,CHRISTMAS PUDDING TRINKET POT,504,8786,145,39,343,145
22066,LOVE HEART TRINKET POT,290,3458,145,39,343,145
22067,CHOC TRUFFLE GOLD TRINKET POT,266,1905,165,39,343,165
22068,BLACK PIRATE TREASURE CHEST,295,1139,165,39,421,165
22069,BROWN  PIRATE TREASURE CHEST,279,986,165,39,421,336
22070,SMALL RETRO SPOT MUG IN BOX  RED,333,1853,375,50,778,375
22071,SMALL RETRO SPOT MUG IN BOX  WHITE,273,1552,375,50,778,375
22072,TEA CUP AND SAUCER RETRO SPOT,549,2478,375,125,778,375
22073,RETRO SPOT STORAGE JAR,505,2176,375,339,778,375
22074,6 RIBBONS SHIMMERING PINKS,299,2165,165,39,421,165
22075,6 RIBBONS ELEGANT CHRISTMAS,386,3384,165,39,421,165
22076,6 RIBBONS EMPIRE,393,2380,165,39,421,165
22077,6 RIBBONS RUSTIC CHARM,1839,17569,165,145,495,165
22078,RIBBON REEL LACE DESIGN,504,4044,210,185,481,210
22079,RIBBON REEL HEARTS DESIGN,709,5080,165,145,421,165
22080,RIBBON REEL SPOTS DESIGN,546,3987,165,145,421,165
22081,RIBBON REEL FLORA + FAUNA,316,1584,165,145,421,165
22082,RIBBON REEL STRIPES DESIGN,1040,7535,165,145,421,165
22083,PAPER CHAIN KIT RETRO SPOT,1452,14008,295,50,695,295
22084,PAPER CHAIN KIT EMPIRE,839,8879,295,200,695,295
22085,PAPER CHAIN KIT SKULLS,234,2546,295,230,677,295
22086,PAPER CHAIN KIT 50'S CHRISTMAS,2198,36581,295,200,695,295
22087,PAPER BUNTING WHITE LACE,889,8532,295,255,695,295
22088,PAPER BUNTING COLOURED LACE,634,4409,295,200,677,295
22089,PAPER BUNTING VINTAGE PAISLEY,566,3516,295,200,677,295
22090,PAPER BUNTING RETRO SPOTS,1739,16808,295,200,695,295
22091,EMPIRE TISSUE BOX,339,3202,125,39,257,125
22092,BLUE PAISLEY TISSUE BOX,148,964,39,39,251,39
22093,MOTORING TISSUE BOX,290,2376,39,39,257,125
22094,RED POLKA DOT TISSUE BOX,355,3598,39,39,257,125
22095,LADS ONLY TISSUE BOX,321,3379,125,39,257,125
22096,PINK PAISLEY SQUARE TISSUE BOX,196,1680,39,39,257,39
22097,SWALLOW SQUARE TISSUE BOX,272,2100,39,39,257,125
22098,BOUDOIR SQUARE TISSUE BOX,335,2900,125,39,257,125
22099,CARAVAN SQUARE TISSUE BOX,314,2152,125,39,257,125
22100,SKULLS SQUARE TISSUE BOX,143,1021,125,39,257,125
22101,MIRROR MOSAIC VOTIVE HOLDER,121,1934,210,39,421,246
22102,MIRROR MOSAIC T-LIGHT HOLDER,62,1851,165,39,336,165
22103,MIRROR MOSAIC T-LIGHT HOLDER ROUND,74,1764,165,39,343,165
22104,MIRROR MOSAIC CANDLE PLATE,101,1191,163,42,343,163
22105,MIRROR MOSAIC GOBLET CANDLE HOLDER,57,693,425,95,847,421
22106,MIRROR MOSAIC HURRICANE LAMP,83,515,496,125,1357,506
22107,PIZZA PLATE IN BOX,395,1280,375,125,778,375
22108,PING! MICROWAVE PLATE,133,320,336,125,778,336
22109,FULL ENGLISH BREAKFAST PLATE,675,3436,375,339,778,375
22110,BIRD HOUSE HOT WATER BOTTLE,552,2748,255,125,1125,255
22111,SCOTTIE DOG HOT WATER BOTTLE,1831,10218,495,425,1667,495
22112,CHOCOLATE HOT WATER BOTTLE,1833,11556,495,425,1667,495
22113,GREY HEART HOT WATER BOTTLE,1094,6059,375,295,1250,375
22114,HOT WATER BOTTLE TEA AND SYMPATHY,1692,12462,395,345,995,395
22115,METAL SIGN EMPIRE TEA,514,2913,295,79,604,295
22116,METAL SIGN HIS DINNER IS SERVED,202,835,79,79,591,163
22117,METAL SIGN HER DINNER IS SERVED,234,1769,295,85,604,295
22118,JOY WOODEN BLOCK LETTERS,293,823,495,125,1213,495
22119,PEACE WOODEN BLOCK LETTERS,371,938,695,195,1474,695
22120,WELCOME  WOODEN BLOCK LETTERS,375,1030,995,850,2083,995
22121,NOEL WOODEN BLOCK LETTERS,475,1538,595,545,1213,595
22122,SET OF 2 FANCY FONT TEA TOWELS,198,1097,295,255,604,295
22123,PING MICROWAVE APRON,171,661,195,79,1300,413
22124,SET OF 2 TEA TOWELS PING MICROWAVE,135,303,246,79,604,251
22125,UNION JACK HOT WATER BOTTLE,194,658,595,495,1300,595
22127,PARTY CONES CARNIVAL ASSORTED,162,3498,125,106,1272,125
22128,PARTY CONES CANDY ASSORTED,202,4013,125,106,1272,125
22129,PARTY CONES CANDY TREE DECORATION,177,3258,85,72,847,85
22130,PARTY CONE CHRISTMAS DECORATION,463,9972,85,72,865,85
22131,FOOD CONTAINER SET 3 LOVE HEART,735,5317,195,165,430,195
22132,RED LOVE HEART SHAPE CUP,400,3361,85,72,170,85
22133,PINK LOVE HEART SHAPE CUP,338,2508,85,72,170,85
22134,LADLE LOVE HEART RED,307,2374,42,36,87,83
22135,LADLE LOVE HEART PINK,330,1662,42,36,87,83
22136,LOVE HEART SOCK HANGER,280,2000,165,145,343,165
22137,BATHROOM SET LOVE HEART DESIGN,44,607,295,225,604,295
22138,BAKING SET 9 PIECE RETROSPOT,1939,9383,495,100,1126,495
22139,RETRO SPOT TEA SET CERAMIC 11 PC,2130,10675,495,366,1126,495
22141,CHRISTMAS CRAFT TREE TOP ANGEL,633,3794,210,185,495,210
22142,CHRISTMAS CRAFT WHITE FAIRY,548,4419,145,125,395,145
22143,CHRISTMAS CRAFT HEART DECORATIONS,73,448,210,185,430,210
22144,CHRISTMAS CRAFT LITTLE FRIENDS,778,5382,210,185,495,210
22145,CHRISTMAS CRAFT HEART STOCKING,206,1340,210,185,430,210
22146,EASTER CRAFT IVY WREATH WITH CHICK,112,1417,195,165,495,195
22147,FELTCRAFT BUTTERFLY HEARTS,1243,13175,145,118,421,145
22148,EASTER CRAFT 4 CHICKS,311,3247,195,165,495,195
22149,FELTCRAFT 6 FLOWER FRIENDS,1470,12922,210,166,506,210
22150,3 STRIPEY MICE FELTCRAFT,1003,7969,195,133,506,195
22151,PLACE SETTING WHITE HEART,758,27897,42,36,251,42
22152,PLACE SETTING WHITE STAR,257,6357,42,36,170,42
22153,ANGEL DECORATION STARS ON DRESS,312,5918,42,36,87,42
22154,ANGEL DECORATION 3 BUTTONS,354,7986,42,36,87,42
22155,STAR DECORATION RUSTIC,378,6332,42,42,87,42
22156,HEART DECORATION WITH PEARLS,619,6327,85,72,170,85
22157,ANGEL DECORATION WITH LACE PADDED,134,1775,85,85,166,85
22158,3 HEARTS HANGING DECORATION RUSTIC,785,9443,295,255,695,295
22161,HEART DECORATION RUSTIC HANGING,524,6842,19,19,170,79
22162,HEART GARLAND RUSTIC PADDED,279,1261,295,255,604,295
22163,HEART STRING MEMO HOLDER HANGING,209,1288,295,79,604,295
22164,STRING OF STARS CARD HOLDER,51,322,295,125,604,295
22165,"DIAMANTE HEART SHAPED WALL MIRROR,",282,991,1275,395,2604,1102
22166,"WALL MIRROR , RECT DIAMANTE, PINK/",166,454,1613,295,1648,1579
22167,"WALL MIRROR , DIAMANTE OVAL SHAPE",310,697,995,395,2083,995
22168,"ORGANISER WOOD, ANTIQUE WHITE",322,674,850,750,1698,850
22169,FAMILY ALBUM WHITE PICTURE FRAME,717,2326,850,564,1735,850
22170,PICTURE FRAME WOOD TRIPLE PORTRAIT,587,2422,675,462,1387,675
22171,3 HOOK PHOTO SHELF ANTIQUE WHITE,681,3202,850,588,1735,850
22172,METAL SHELF WITH RAIL,186,378,850,765,1735,850
22173,METAL 4 HOOK HANGER FRENCH CHATEAU,1037,5142,295,200,604,295
22174,PHOTO CUBE,602,5449,165,125,421,165
22175,PINK OWL SOFT TOY,381,1850,295,198,604,295
22176,BLUE OWL SOFT TOY,271,1201,295,255,604,295
22177,5 HOOK BLACKBOARD ORGANISER,126,326,995,668,2170,995
22178,VICTORIAN GLASS HANGING T-LIGHT,1889,40748,125,90,295,125
22179,SET 10 LIGHTS NIGHT OWL,588,2094,675,579,1387,675
22180,RETRO SPOT LAMP,421,1008,995,850,2170,995
22181,SNOWSTORM PHOTO FRAME FRIDGE MAGNET,146,1567,85,72,170,85
22182,CAKE STAND VICTORIAN FILIGREE SMALL,180,571,413,125,1017,421
22183,CAKE STAND VICTORIAN FILIGREE MED,220,613,579,210,1387,591
22184,CAKE STAND VICTORIAN FILIGREE LARGE,154,402,850,395,1735,850
22185,SLATE TILE NATURAL HANGING,476,3968,165,79,395,165
22186,RED STAR CARD HOLDER,362,2041,295,195,604,295
22187,GREEN CHRISTMAS TREE CARD HOLDER,388,2159,425,195,865,425
22188,BLACK HEART CARD HOLDER,586,12484,395,230,865,395
22189,CREAM HEART CARD HOLDER,1336,18363,395,230,865,395
22190,LOCAL CAFE MUG,259,1428,210,39,430,210
22191,EAU DE NIL DINER WALL CLOCK,643,2003,850,765,1698,850
22192,BLUE DINER WALL CLOCK,558,1446,850,400,1735,850
22193,RED DINER WALL CLOCK,637,1938,850,765,1735,850
22194,BLACK DINER WALL CLOCK,163,377,850,765,1698,850
22195,HEART MEASURING SPOONS LARGE,857,5279,165,145,343,165
22196,SMALL HEART MEASURING SPOONS,1050,6734,85,72,170,85
22197,"POPCORN HOLDER , SMALL",2446,89898,85,72,246,85
22198,"POPCORN HOLDER , LARGE",692,7807,165,145,395,165
22199,FRYING PAN RED POLKADOT,415,1863,425,125,865,425
22200,FRYING PAN PINK POLKADOT,364,1317,425,125,865,425
22201,FRYING PAN BLUE POLKADOT,168,511,425,125,865,425
22202,MILK PAN PINK RETROSPOT,273,1094,375,339,778,375
22203,MILK PAN RED RETROSPOT,401,1416,375,125,778,375
22204,MILK PAN BLUE RETROSPOT,171,538,375,125,778,375
22206,"MUG , DOTCOMGIFTSHOP.COM",10,14,85,83,85,85
22207,FRYING PAN UNION FLAG,497,3187,425,375,865,425
22208,WOOD STAMP SET THANK YOU,458,2405,83,50,343,165
22209,WOOD STAMP SET HAPPY BIRTHDAY,266,1434,83,50,343,163
22210,WOOD STAMP SET BEST WISHES,304,1618,83,50,343,163
22211,WOOD STAMP SET FLOWERS,303,1538,83,50,343,165
22212,FOUR HOOK  WHITE LOVEBIRDS,871,4114,210,79,430,210
22214,CANDLE PLATE LACE WHITE,92,549,255,79,517,255
22215,CAKE STAND WHITE TWO TIER LACE,366,1098,850,295,1735,850
22216,T-LIGHT HOLDER WHITE LACE,122,1406,85,29,170,85
22217,T-LIGHT HOLDER HANGING LACE,220,2394,125,39,257,125
22218,CAKE STAND LACE WHITE,266,1235,425,375,865,425
22219,LOVEBIRD HANGING DECORATION WHITE,1199,9934,85,72,170,85
22220,CAKE STAND LOVEBIRD 2 TIER WHITE,272,747,995,295,2083,995
22221,CAKE STAND LOVEBIRD 2 TIER PINK,159,907,995,295,2083,995
22222,CAKE PLATE LOVEBIRD WHITE,409,1499,495,195,1039,495
22223,CAKE PLATE LOVEBIRD PINK,179,728,495,195,1039,495
22224,WHITE LOVEBIRD LANTERN,416,2404,295,255,604,295
22227,"DECORATION, HANGING HEART+MIRROR",679,6151,65,55,130,65
22228,BUNNY WOODEN PAINTED WITH BIRD,280,1729,85,39,170,85
22229,BUNNY WOODEN PAINTED WITH FLOWER,189,1007,85,39,166,85
22230,JIGSAW TREE WITH WATERING CAN,198,1659,85,29,170,85
22231,JIGSAW TREE WITH BIRDHOUSE,311,2168,145,59,343,145
22232,3 PIECE JIGSAW TOADSTOOLS,158,1109,165,59,343,165
22233,JIGSAW RABBIT AND BIRDHOUSE,170,953,165,59,336,165
22236,CAKE STAND 3 TIER MAGIC GARDEN,424,1141,1275,1095,2604,1275
22241,"GARLAND , WOODEN  "" HAPPY EASTER""",485,4379,125,70,295,125
22242,"HOOK, 5 HANGER , MAGIC TOADSTOOL",388,4835,165,145,343,165
22243,"HOOK, 5 HANGER ,MAGIC TOADSTOOL RED",411,7738,165,145,395,165
22244,"HOOK, 3 HANGER ,MAGIC GARDEN",446,4830,195,165,430,195
22245,"HOOK, 1 HANGER ,MAGIC GARDEN",432,4717,85,36,170,85
22246,"GARLAND, MAGIC GARDEN 1.8M",196,1112,195,163,430,195
22247,BUNNY DECORATION MAGIC GARDEN,192,1190,85,72,166,85
22248,DECORATION  PINK CHICK MAGIC GARDEN,182,1016,85,72,170,85
22249,DECORATION WHITE CHICK MAGIC GARDEN,258,1654,85,72,170,85
22250,DECORATION  BUTTERFLY  MAGIC GARDEN,267,1529,85,72,170,85
22251,BIRDHOUSE DECORATION MAGIC GARDEN,306,1888,125,83,257,125
22252,BIRDCAGE DECORATION MAGIC GARDEN,120,981,125,106,255,125
22253,6 CROCHET STRAWBERRIES,94,969,125,106,257,125
22254,FELT TOADSTOOL LARGE,152,1411,125,106,257,125
22255,FELT TOADSTOOL  SMALL,152,1218,85,85,170,85
22256,FELT FARM ANIMAL CHICKEN,130,943,125,106,257,125
22257,FELT FARM ANIMAL SHEEP,60,420,125,42,251,125
22258,FELT FARM ANIMAL RABBIT,136,1345,125,42,251,125
22259,FELT FARM ANIMAL HEN,76,592,125,42,251,125
22260,FELT EGG COSY BLUE RABBIT,258,1576,85,72,195,163
22261,FELT EGG COSY WHITE RABBIT,266,2119,85,72,195,85
22262,FELT EGG COSY CHICKEN,335,2058,85,85,170,85
22263,FELT EGG COSY LADYBIRD,111,842,85,19,170,85
22264,FELT FARM ANIMAL WHITE BUNNY,181,2036,85,19,170,85
22265,EASTER DECORATION NATURAL CHICK,182,1853,65,55,130,65
22266,EASTER DECORATION HANGING BUNNY,174,2546,65,19,128,65
22267,EASTER DECORATION EGG BUNNY,122,1473,125,39,251,125
22268,EASTER DECORATION SITTING BUNNY,252,2562,85,19,166,85
22269,EGG CUP NATURAL CHICKEN,209,1524,125,39,257,125
22270,HAPPY EASTER HANGING DECORATION,165,692,375,339,762,375
22271,FELTCRAFT DOLL ROSIE,830,4966,295,192,604,295
22272,FELTCRAFT DOLL MARIA,317,1397,295,192,604,295
22273,FELTCRAFT DOLL MOLLY,851,7413,295,197,604,295
22274,FELTCRAFT DOLL EMILY,696,3834,295,192,604,295
22275,WEEKEND BAG VINTAGE ROSE PAISLEY,323,1019,850,765,1735,850
22276,WASH BAG VINTAGE ROSE PAISLEY,392,1956,255,210,604,255
22277,COSMETIC BAG VINTAGE ROSE PAISLEY,258,1443,210,163,430,210
22278,OVERNIGHT BAG VINTAGE ROSE PAISLEY,407,1066,495,413,1126,495
22279,POCKET BAG BLUE PAISLEY RED SPOT,223,1448,125,83,421,125
22280,POCKET BAG PINK PAISELY BROWN SPOT,166,884,125,83,421,125
22281,EASTER TREE YELLOW BIRDS,151,514,595,400,1300,595
22282,12 EGG HOUSE PAINTED WOOD,219,565,1275,800,2604,1275
22283,6 EGG HOUSE PAINTED WOOD,391,1050,795,585,1895,795
22284,HEN HOUSE DECORATION,314,2508,165,100,336,165
22285,"DECORATION HEN ON NEST, HANGING",278,2739,165,100,343,165
22286,"DECORATION , WOBBLY RABBIT , METAL",199,1964,165,39,343,165
22287,"DECORATION , WOBBLY CHICKEN, METAL",126,1347,165,39,336,165
22288,"DECORATION , HANGING METAL RABBIT",131,1316,125,70,257,125
22289,"DECORATION , HANGING METAL CHICKEN",80,768,125,70,257,125
22290,STANDING METAL RABBIT WITH EGG,82,688,210,140,430,210
22291,"SPRING DEC , HANGING CHICK CREAM",276,3223,145,85,298,145
22292,"SPRING DEC , HANGING CHICK  YELLOW",239,2794,145,85,298,145
22293,"SPRING DEC , HANGING CHICK  GREEN",239,2066,145,85,304,145
22294,HEART FILIGREE DOVE  SMALL,935,17127,125,106,257,125
22295,HEART FILIGREE DOVE LARGE,765,8740,165,145,395,165
22296,HEART IVORY TRELLIS LARGE,890,9974,165,145,395,165
22297,HEART IVORY TRELLIS SMALL,1029,13981,125,106,257,125
22299,PIG KEYRING WITH LIGHT & SOUND,209,3967,125,39,257,125
22300,COFFEE MUG DOG + BALL DESIGN,552,4229,255,112,517,255
22301,COFFEE MUG CAT + BIRD DESIGN,676,5152,255,112,517,255
22302,COFFEE MUG PEARS  DESIGN,401,4933,255,112,517,255
22303,COFFEE MUG APPLES DESIGN,544,5452,255,112,517,255
22304,COFFEE MUG BLUE PAISLEY DESIGN,177,2428,255,112,517,255
22305,COFFEE MUG PINK PAISLEY DESIGN,148,2293,255,147,517,255
22306,SILVER MUG BONE CHINA TREE OF LIFE,173,1710,106,106,865,125
22307,GOLD MUG BONE CHINA TREE OF LIFE,126,1272,106,106,865,195
22308,TEA COSY BLUE STRIPE,218,683,255,210,517,496
22309,TEA COSY RED  STRIPE,278,1344,255,210,517,255
22310,KNITTED MUG COSY IVORY COLOUR,242,1802,165,145,343,329
22311,OFFICE MUG WARMER BLACK+SILVER,325,2154,295,255,865,295
22312,OFFICE MUG WARMER POLKADOT,295,1321,295,125,865,295
22313,OFFICE MUG WARMER PINK,144,1023,295,125,865,295
22314,OFFICE MUG WARMER CHOC+BLUE,271,1163,295,125,865,495
22315,200 RED + WHITE BENDY STRAWS,407,2200,125,106,257,125
22316,200 BENDY SKULL STRAWS,124,1273,125,106,251,125
22317,FIVE CATS HANGING DECORATION,172,592,295,246,604,295
22318,FIVE HEART HANGING DECORATION,408,1626,295,255,604,295
22319,HAIRCLIPS FORTIES FABRIC ASSORTED,178,3035,65,19,430,65
22320,BIRDS MOBILE VINTAGE DESIGN,182,602,595,545,1213,595
22321,BIRD DECORATION RED SPOT,315,2608,85,72,170,85
22322,BIRD DECORATION GREEN  SPOT,277,1634,85,79,170,85
22323,PINK POLKADOT KIDS BAG,119,637,195,165,1039,195
22324,BLUE POLKADOT KIDS BAG,158,681,195,165,1039,413
22325,MOBILE VINTAGE HEARTS,230,704,495,329,1187,495
22326,"ROUND SNACK BOXES ,SET4, WOODLAND",1447,15690,295,255,695,295
22327,ROUND SNACK BOXES SET OF 4 SKULLS,687,3109,295,255,677,295
22328,"ROUND SNACK BOXES ,SET 4, FRUITS",1216,14636,295,255,695,295
22329,ROUND CONTAINER SET OF 5 RETROSPOT,626,5174,165,145,336,165
22330,72 ROUND PINK DOILIES,22,128,145,145,304,145
22331,WOODLAND PARTY BAG + STICKER SET,451,3732,165,145,395,165
22332,SKULLS PARTY BAG + STICKER SET,390,4178,165,145,343,165
22333,RETRO SPORT PARTY BAG + STICKER SET,721,10172,165,145,343,165
22334,DINOSAUR PARTY BAG + STICKER SET,271,2248,165,145,438,165
22335,HEART DECORATION PAINTED ZINC,542,8756,65,55,130,65
22336,DOVE DECORATION PAINTED ZINC,233,4736,65,19,130,65
22337,ANGEL DECORATION PAINTED ZINC,156,2509,65,55,130,65
22338,STAR DECORATION PAINTED ZINC,279,6154,19,19,130,63
22339,CHRISTMAS TREE PAINTED ZINC,156,3552,65,19,130,65
22340,NOEL GARLAND PAINTED ZINC,188,1825,83,39,343,83
22341,LOVE GARLAND PAINTED ZINC,247,3483,165,145,343,165
22342,HOME GARLAND PAINTED ZINC,236,1845,165,75,343,165
22343,PARTY PIZZA DISH RED WHITE SPOT,191,3312,85,19,170,85
22344,PARTY PIZZA DISH PINK+WHITE SPOT,136,1596,85,19,170,85
22345,PARTY PIZZA DISH BLUE+WHITE SPOT,134,1483,85,19,170,85
22346,PARTY PIZZA DISH GREEN+WHITE SPOT,107,1316,85,19,170,85
22347,PIZZA SLICE DISH,116,2722,125,106,257,125
22348,TEA BAG PLATE RED SPOTTY,994,12574,85,72,195,85
22349,"DOG BOWL , CHASING BALL DESIGN",373,2588,375,246,895,375
22350,CAT BOWL,345,2861,255,210,595,255
22352,LUNCHBOX WITH CUTLERY RETROSPOT,1160,7191,255,210,517,255
22353,LUNCHBOX WITH CUTLERY FAIRY CAKES,504,3045,255,210,595,255
22354,RETRO SPOT PADDED SEAT CUSHION,285,2258,375,339,778,375
22355,"CHARLOTTE BAG , SUKI DESIGN",1793,32692,85,72,563,85
22356,"CHARLOTTE BAG , PINK/WHITE SPOTS",1625,20237,85,72,563,85
22357,KINGS CHOICE BISCUIT TIN,473,2094,425,375,847,425
22358,KINGS CHOICE TEA CADDY,632,2694,295,246,591,295
22359,GLASS JAR KINGS CHOICE,212,1297,295,255,591,295
22360,"GLASS JAR, ENGLISH CONFECTIONERY",446,2536,295,255,695,295
22361,GLASS JAR DAISY FRESH COTTON WOOL,508,1857,295,255,695,295
22362,GLASS JAR PEACOCK BATH SALTS,259,768,295,255,591,295
22363,GLASS JAR MARMALADE,174,783,295,255,591,295
22364,GLASS JAR DIGESTIVE BISCUITS,354,2067,295,255,695,295
22365,DOORMAT RESPECTABLE HOUSE,457,2357,795,458,1579,795
22366,DOORMAT AIRMAIL,579,2564,795,458,1579,795
22367,CHILDS APRON SPACEBOY DESIGN,1197,8170,195,120,506,195
22371,AIRLINE BAG VINTAGE TOKYO 78,719,1877,425,375,1272,425
22372,AIRLINE BAG VINTAGE WORLD CHAMPION,299,618,425,395,1272,425
22374,AIRLINE BAG VINTAGE JET SET RED,445,1042,425,395,1272,425
22375,AIRLINE BAG VINTAGE JET SET BROWN,302,615,425,395,1357,425
22376,AIRLINE BAG VINTAGE JET SET WHITE,262,548,425,375,1272,425
22377,BOTTLE BAG RETROSPOT,441,3623,210,85,506,210
22378,WALL TIDY RETROSPOT,560,3783,210,85,506,210
22379,RECYCLING BAG RETROSPOT,1621,16075,210,166,506,210
22380,TOY TIDY SPACEBOY,713,4998,210,79,506,210
22381,TOY TIDY PINK RETROSPOT,1128,9449,210,149,506,210
22382,LUNCHBAG SPACEBOY DESIGN,2230,20458,165,119,833,165
22383,LUNCHBAG SUKI  DESIGN,2507,25461,165,145,833,165
22384,LUNCHBAG PINK RETROSPOT,2191,21037,165,119,506,165
22385,JUMBO BAG SPACEBOY DESIGN,1281,17227,195,130,506,195
22386,JUMBO BAG PINK WITH WHITE SPOTS,2322,39840,195,118,506,195
22389,PAPERWEIGHT SAVE THE PLANET,94,659,255,39,506,255
22390,PAPERWEIGHT CHILDHOOD MEMORIES,85,821,255,39,506,255
22391,PAPERWEIGHT HOME SWEET HOME,68,327,255,39,506,255
22393,PAPERWEIGHT VINTAGE COLLAGE,125,841,255,39,506,255
22394,PAPERWEIGHT KINGS CHOICE,57,349,255,39,506,255
22395,PAPERWEIGHT VINTAGE PAISLEY,56,237,255,39,506,255
22396,MAGNETS PACK OF 4 RETRO PHOTO,195,1917,125,39,251,106
22398,MAGNETS PACK OF 4 SWALLOWS,451,4334,125,39,251,125
22399,MAGNETS PACK OF 4 CHILDHOOD MEMORY,285,4092,125,106,251,125
22400,MAGNETS PACK OF 4 HOME SWEET HOME,247,2473,39,39,251,125
22402,MAGNETS PACK OF 4 VINTAGE COLLAGE,262,3450,125,39,251,125
22403,MAGNETS PACK OF 4 VINTAGE LABELS,221,1736,125,39,251,125
22405,MONEY BOX POCKET MONEY DESIGN,230,1674,125,39,251,125
22406,MONEY BOX KINGS CHOICE DESIGN,228,2523,125,39,295,125
22407,MONEY BOX FIRST ADE DESIGN,76,439,125,39,251,125
22408,MONEY BOX CONFECTIONERY DESIGN,99,664,125,39,251,125
22409,MONEY BOX BISCUITS DESIGN,172,1720,125,106,251,125
22410,MONEY BOX HOUSEKEEPING DESIGN,200,1366,125,39,251,125
22411,JUMBO SHOPPER VINTAGE RED PAISLEY,2274,27732,195,165,506,195
22412,METAL SIGN NEIGHBOURHOOD WITCH,419,2417,210,185,421,210
22413,METAL SIGN TAKE IT OR LEAVE IT,915,7048,295,149,591,295
22414,DOORMAT NEIGHBOURHOOD WITCH,224,1192,795,395,1579,795
22415,WHITE TISSUE REAM,210,326,795,795,795,795
22416,36 DOILIES SPACEBOY DESIGN,179,1973,145,125,298,145
22417,PACK OF 60 SPACEBOY CAKE CASES,1153,21641,55,42,213,55
22418,10 COLOUR SPACEBOY PEN,615,12732,85,72,251,85
22419,LIPSTICK PEN RED,539,7067,42,36,85,42
22420,LIPSTICK PEN BABY PINK,246,2118,42,36,100,42
22421,LIPSTICK PEN FUSCHIA,429,4816,42,36,100,42
22422,TOOTHPASTE TUBE PEN,377,2787,65,12,128,125
22423,REGENCY CAKESTAND 3 TIER,4061,27577,1275,400,3204,1275
22424,ENAMEL BREAD BIN CREAM,756,1560,1275,815,2549,1275
22425,ENAMEL COLLANDER CREAM,312,867,495,425,1017,495
22426,ENAMEL WASH BOWL CREAM,380,1348,375,295,847,375
22427,ENAMEL FLOWER JUG CREAM,825,3247,595,545,1187,595
22428,ENAMEL FIRE BUCKET CREAM,203,480,695,635,1443,695
22429,ENAMEL MEASURING JUG CREAM,660,2341,425,375,847,425
22430,ENAMEL WATERING CAN CREAM,372,1414,495,318,1017,495
22431,WATERING CAN BLUE ELEPHANT,634,3406,195,165,495,195
22432,WATERING CAN PINK BUNNY,530,3559,195,118,495,195
22433,WATERING CAN GREEN DINOSAUR,436,2818,195,118,421,195
22434,BALLOON PUMP WITH 10 BALLOONS,299,2587,195,165,421,195
22435,SET OF 9 HEART SHAPED BALLOONS,572,5029,125,106,251,125
22436,12 COLOURED PARTY BALLOONS,304,4295,65,55,128,65
22437,SET OF 9 BLACK SKULL BALLOONS,464,6566,85,72,166,85
22438,BALLOON ART MAKE YOUR OWN FLOWERS,190,1502,195,39,421,195
22439,6 ROCKET BALLOONS,385,3977,65,55,128,65
22440,BALLOON WATER BOMB PACK OF 35,320,8676,42,36,100,42
22441,GROW YOUR OWN BASIL IN ENAMEL MUG,503,2726,210,185,495,210
22442,GROW YOUR OWN FLOWERS SET OF 3,181,877,795,195,1613,795
22443,GROW YOUR OWN HERBS SET OF 3,282,705,795,536,1613,795
22444,GROW YOUR OWN PLANT IN A CAN,472,10419,125,106,996,125
22445,PENCIL CASE LIFE IS BEAUTIFUL,298,1321,295,246,591,295
22446,PIN CUSHION RUSSIAN DOLL PINK,192,625,246,125,677,251
22447,PIN CUSHION RUSSIAN DOLL BLUE,84,252,335,125,677,335
22448,PIN CUSHION RUSSIAN DOLL RED,124,757,335,125,677,335
22449,SILK PURSE RUSSIAN DOLL PINK,327,1373,335,246,677,335
22450,SILK PURSE RUSSIAN DOLL BLUE,201,874,335,295,677,335
22451,SILK PURSE RUSSIAN DOLL RED,267,1397,335,295,677,335
22452,MEASURING TAPE RUSSIAN DOLL PINK,263,1371,295,163,591,295
22453,MEASURING TAPE RUSSIAN DOLL BLUE,152,868,295,163,591,295
22454,MEASURING TAPE RUSSIAN DOLL RED,194,1540,295,255,591,295
22456,NATURAL SLATE CHALKBOARD LARGE,854,4462,495,367,1195,495
22457,NATURAL SLATE HEART CHALKBOARD,2119,15771,295,190,695,295
22458,CAST IRON HOOK GARDEN FORK,181,1532,255,157,595,255
22459,CAST IRON HOOK GARDEN TROWEL,182,1394,255,157,595,255
22460,EMBOSSED GLASS TEALIGHT HOLDER,386,4834,125,106,251,125
22461,SAVOY ART DECO CLOCK,152,417,1275,395,2549,1275
22464,HANGING METAL HEART LANTERN,826,8012,165,79,395,165
22465,HANGING METAL STAR LANTERN,497,4686,165,79,336,165
22466,FAIRY TALE COTTAGE NIGHTLIGHT,414,5879,195,145,495,195
22467,GUMBALL COAT RACK,1165,12298,255,118,506,255
22468,BABUSHKA LIGHTS STRING OF 10,432,1778,675,495,1357,675
22469,HEART OF WICKER SMALL,2293,29037,165,110,421,165
22470,HEART OF WICKER LARGE,2085,18551,295,190,695,295
22471,TV DINNER TRAY AIR HOSTESS,189,644,495,195,1102,495
22472,TV DINNER TRAY DOLLY GIRL,261,1115,495,195,1102,495
22473,TV DINNER TRAY VINTAGE PAISLEY,218,833,495,195,1102,495
22474,SPACEBOY TV DINNER TRAY,269,987,495,195,1102,495
22475,SKULL DESIGN TV DINNER TRAY,268,781,495,195,1102,495
22476,EMPIRE UNION JACK TV DINNER TRAY,285,1358,495,195,1102,495
22477,WATERING CAN GARDEN MARKER,284,2443,125,106,295,125
22478,BIRDHOUSE GARDEN MARKER,322,2784,125,125,295,125
22479,DAISY GARDEN MARKER,221,1956,125,106,295,125
22480,RED TEA TOWEL CLASSIC DESIGN,287,2425,125,106,251,125
22481,BLACK TEA TOWEL CLASSIC DESIGN,229,1305,125,39,251,125
22482,BLUE TEA TOWEL CLASSIC DESIGN,232,2372,125,106,246,125
22483,RED GINGHAM TEDDY BEAR,363,1901,295,255,695,295
22485,SET OF 2 WOODEN MARKET CRATES,423,1109,1275,1095,2549,1275
22486,PLASMATRONIC LAMP,41,106,1275,395,1275,829
22487,WHITE WOOD GARDEN PLANT LADDER,911,1647,995,850,2038,995
22488,NATURAL SLATE RECTANGLE CHALKBOARD,825,6954,165,145,395,165
22489,PACK OF 12 TRADITIONAL CRAYONS,810,18076,42,36,166,42
22491,PACK OF 12 COLOURED PENCILS,405,7554,85,72,251,85
22492,MINI PAINT SET VINTAGE,749,45665,65,55,195,65
22493,PAINT YOUR OWN CANVAS SET,446,4822,165,145,336,165
22494,EMERGENCY FIRST AID TIN,486,2860,125,106,251,125
22495,SET OF 2 ROUND TINS CAMEMBERT,245,956,295,79,695,295
22496,SET OF 2 ROUND TINS DUTCH CHEESE,199,736,295,79,695,295
22497,SET OF 2 TINS VINTAGE BATHROOM,291,947,425,375,847,425
22498,WOODEN REGATTA BUNTING,389,1141,595,495,1357,595
22499,WOODEN UNION JACK BUNTING,786,3597,595,10,1357,595
22500,SET OF 2 TINS JARDIN DE PROVENCE,208,593,495,125,1272,495
22501,PICNIC BASKET WICKER LARGE,785,2643,995,300,2123,995
22502,PICNIC BASKET WICKER SMALL,963,3869,595,200,64950,595
22503,CABIN BAG VINTAGE PAISLEY,57,149,2995,1275,5953,2995
22504,CABIN BAG VINTAGE RETROSPOT,118,374,2995,1000,5953,2995
22505,MEMO BOARD COTTAGE DESIGN,776,3826,495,386,1295,495
22507,MEMO BOARD RETROSPOT  DESIGN,917,5694,495,385,1102,495
22508,DOORSTOP RETROSPOT HEART,728,2933,375,339,762,375
22509,SEWING BOX RETROSPOT DESIGN,192,394,1695,395,3404,1695
22510,DOORSTOP RUSSIAN DOLL GINGHAM,93,325,375,79,762,375
22511,DOORSTOP RUSSIAN DOLL RETROSPOT,116,407,375,79,762,375
22512,DOORSTOP RACING CAR DESIGN,75,389,375,79,762,375
22513,DOORSTOP FOOTBALL DESIGN,175,593,375,79,762,375
22514,CHILDS GARDEN SPADE BLUE,238,1094,210,159,421,210
22515,CHILDS GARDEN SPADE PINK,216,1057,210,159,421,210
22516,CHILDS GARDEN RAKE BLUE,174,854,210,159,421,210
22517,CHILDS GARDEN RAKE PINK,158,815,210,159,421,210
22518,CHILDS GARDEN BRUSH BLUE,276,1419,210,159,495,210
22519,CHILDS GARDEN BRUSH PINK,269,1445,210,159,495,210
22520,CHILDS GARDEN TROWEL BLUE,377,2295,85,72,195,85
22521,CHILDS GARDEN TROWEL PINK,387,2303,85,72,195,85
22522,CHILDS GARDEN FORK BLUE,345,2246,85,72,195,85
22523,CHILDS GARDEN FORK PINK,366,2193,85,72,195,85
22524,CHILDRENS GARDEN GLOVES BLUE,300,1940,125,106,336,125
22525,CHILDRENS GARDEN GLOVES PINK,343,1974,125,106,336,125
22526,WHEELBARROW FOR CHILDREN,210,546,1275,798,2549,1275
22528,GARDENERS KNEELING PAD,563,5831,125,106,336,125
22529,MAGIC DRAWING SLATE GO TO THE FAIR,162,2470,42,36,85,42
22530,MAGIC DRAWING SLATE DOLLY GIRL,495,10274,42,36,100,42
22531,MAGIC DRAWING SLATE CIRCUS PARADE,435,8314,42,36,100,42
22532,MAGIC DRAWING SLATE LEAP FROG,186,2919,42,27,85,42
22533,MAGIC DRAWING SLATE BAKE A CAKE,250,4680,42,27,100,42
22534,MAGIC DRAWING SLATE SPACEBOY,623,13159,42,36,100,42
22535,MAGIC DRAWING SLATE BUNNIES,311,4469,42,27,100,42
22536,MAGIC DRAWING SLATE PURDEY,396,10169,42,27,85,42
22537,MAGIC DRAWING SLATE DINOSAUR,371,5902,42,36,85,42
22538,MINI JIGSAW GO TO THE FAIR,88,1446,42,19,100,42
22539,MINI JIGSAW DOLLY GIRL,264,5747,42,19,85,42
22540,MINI JIGSAW CIRCUS PARADE,198,6286,42,19,100,42
22541,MINI JIGSAW LEAP FROG,69,1247,42,19,85,42
22543,MINI JIGSAW BAKE A CAKE,125,3300,42,19,85,42
22544,MINI JIGSAW SPACEBOY,360,9545,42,19,85,42
22545,MINI JIGSAW BUNNIES,193,3484,42,19,85,42
22546,MINI JIGSAW FIDO,187,4384,42,19,85,42
22547,MINI JIGSAW DINOSAUR,200,2041,42,19,85,42
22548,HEADS AND TAILS SPORTING FUN,463,3585,125,85,295,125
22549,PICTURE DOMINOES,753,6688,145,125,395,145
22550,HOLIDAY FUN LUDO,441,2091,375,262,762,375
22551,PLASTERS IN TIN SPACEBOY,1381,15779,165,145,421,165
22553,PLASTERS IN TIN SKULLS,1185,8084,165,145,421,165
22554,PLASTERS IN TIN WOODLAND ANIMALS,1356,13854,165,145,421,165
22555,PLASTERS IN TIN STRONGMAN,1020,11905,165,145,421,165
22556,PLASTERS IN TIN CIRCUS PARADE,1269,13797,165,145,421,165
22557,PLASTERS IN TIN VINTAGE PAISLEY,1212,10620,165,145,421,165
22558,CLOTHES PEGS RETROSPOT PACK 24,1256,14281,165,100,395,149
22559,SEASIDE FRISBEE,206,1585,125,83,251,125
22560,TRADITIONAL MODELLING CLAY,783,15226,125,106,336,125
22561,WOODEN SCHOOL COLOURING SET,944,11778,165,145,421,165
22562,MONSTERS STENCIL CRAFT,412,4013,125,106,251,125
22563,HAPPY STENCIL CRAFT,571,6012,125,106,251,125
22564,ALPHABET STENCIL CRAFT,361,4630,125,106,251,125
22565,FELTCRAFT HAIRBANDS PINK + WHITE,295,2129,85,72,195,85
22566,"FELTCRAFT HAIRBAND S/2, PINK/PURPLE",317,2896,85,72,166,85
22567,20 DOLLY PEGS RETROSPOT,539,5810,125,106,292,125
22568,FELTCRAFT CUSHION OWL,929,5692,375,339,762,375
22569,FELTCRAFT CUSHION BUTTERFLY,847,5731,375,147,895,375
22570,FELTCRAFT CUSHION RABBIT,861,5805,375,339,895,375
22571,ROCKING HORSE RED CHRISTMAS,553,6091,85,72,195,85
22572,ROCKING HORSE GREEN CHRISTMAS,401,3686,85,72,195,85
22573,STAR WOODEN CHRISTMAS DECORATION,434,5127,85,72,195,85
22574,HEART WOODEN CHRISTMAS DECORATION,443,5386,85,72,195,85
22575,METAL MERRY CHRISTMAS WREATH,362,3199,195,165,495,195
22576,SWALLOW WOODEN CHRISTMAS DECORATION,365,3364,85,72,195,85
22577,WOODEN HEART CHRISTMAS SCANDINAVIAN,883,14165,85,29,195,85
22578,WOODEN STAR CHRISTMAS SCANDINAVIAN,825,13429,29,29,195,83
22579,WOODEN TREE CHRISTMAS SCANDINAVIAN,595,7291,85,29,195,85
22580,ADVENT CALENDAR GINGHAM SACK,513,2362,595,413,1395,595
22581,WOOD STOCKING CHRISTMAS SCANDISPOT,415,3653,85,29,413,85
22582,PACK OF 6 SWEETIE GIFT BOXES,314,2544,255,210,506,255
22583,PACK OF 6 HANDBAG GIFT BOXES,380,1903,255,210,506,255
22584,PACK OF 6 PANNETONE GIFT BOXES,614,5291,255,210,595,255
22585,PACK OF 6 BIRDY GIFT TAGS,1201,18333,125,106,295,125
22586,FELTCRAFT HAIRBAND PINK AND BLUE,315,2126,85,72,166,85
22587,"FELTCRAFT HAIRBAND, S/2, RED/BLUE",337,2188,85,72,166,85
22588,CARDHOLDER GINGHAM HEART,511,2929,255,210,596,255
22589,CARDHOLDER GINGHAM STAR,258,1389,255,210,506,255
22591,CARDHOLDER GINGHAM CHRISTMAS TREE,212,1359,255,210,663,255
22592,CARDHOLDER HOLLY WREATH METAL,317,2001,375,339,762,375
22593,CHRISTMAS GINGHAM STAR,442,5812,85,72,166,85
22594,CHRISTMAS GINGHAM TREE,431,5011,85,72,166,85
22595,CHRISTMAS GINGHAM HEART,837,13024,85,72,166,85
22596,CHRISTMAS STAR WISH LIST CHALKBOARD,450,6371,125,39,295,125
22597,CHRISTMAS MUSICAL ZINC HEART,305,4657,85,29,195,85
22598,CHRISTMAS MUSICAL ZINC TREE,150,1799,85,29,195,83
22599,CHRISTMAS MUSICAL ZINC STAR,194,3135,85,29,195,83
22600,CHRISTMAS RETROSPOT STAR WOOD,452,4961,85,72,166,85
22601,CHRISTMAS RETROSPOT ANGEL WOOD,445,5425,85,72,166,85
22602,CHRISTMAS RETROSPOT HEART WOOD,568,6643,85,72,166,85
22603,CHRISTMAS RETROSPOT TREE WOOD,416,4225,85,72,166,85
22604,SET OF 4 NAPKIN CHARMS CUTLERY,265,2045,255,210,506,255
22605,WOODEN CROQUET GARDEN SET,653,1846,1275,862,2549,1275
22606,WOODEN SKITTLES GARDEN SET,385,1077,1595,1066,3400,1595
22607,WOODEN ROUNDERS GARDEN SET,764,2556,850,677,2079,850
22608,PENS ASSORTED FUNKY JEWELED,172,5772,19,19,166,42
22609,PENS ASSORTED SPACEBALL,207,7165,19,19,166,21
22610,PENS ASSORTED FUNNY FACE,292,12757,19,19,195,21
22611,VINTAGE UNION JACK SHOPPING BAG,202,909,495,400,1017,495
22612,TEA COSY VINTAGE UNION JACK,111,1001,375,339,762,375
22613,PACK OF 20 SPACEBOY NAPKINS,285,3065,85,64,251,85
22614,PACK OF 12 SPACEBOY TISSUES,388,5883,29,21,100,29
22615,PACK OF 12 CIRCUS PARADE TISSUES,196,3866,29,21,85,29
22616,PACK OF 12 LONDON TISSUES,884,40163,29,20,100,29
22617,BAKING SET SPACEBOY DESIGN,967,4389,495,362,1295,495
22618,COOKING SET RETROSPOT,257,742,995,849,2038,995
22619,SET OF 6 SOLDIER SKITTLES,750,4167,375,339,762,375
22620,4 TRADITIONAL SPINNING TOPS,895,8361,125,106,251,145
22621,TRADITIONAL KNITTING NANCY,913,8775,165,125,336,165
22622,BOX OF VINTAGE ALPHABET BLOCKS,604,3242,995,850,2496,995
22623,BOX OF VINTAGE JIGSAW BLOCKS,563,2357,495,425,1295,495
22624,IVORY KITCHEN SCALES,1273,3258,850,765,1698,850
22625,RED KITCHEN SCALES,998,2743,850,600,1698,850
22626,BLACK KITCHEN SCALES,359,867,850,765,1698,850
22627,MINT KITCHEN SCALES,677,1642,850,76,1698,850
22628,PICNIC BOXES SET OF 3 RETROSPOT,358,1752,495,413,1017,495
22629,SPACEBOY LUNCH BOX,1435,21223,195,165,495,195
22630,DOLLY GIRL LUNCH BOX,1398,18363,195,165,495,195
22631,CIRCUS PARADE LUNCHBOX,692,6334,195,165,654,195
22632,HAND WARMER RED POLKA DOT,911,11190,210,179,421,210
22633,HAND WARMER UNION JACK,1026,9544,210,179,495,210
22634,CHILDS BREAKFAST SET SPACEBOY,525,1726,995,850,2495,995
22635,CHILDS BREAKFAST SET DOLLY GIRL,509,1693,995,850,2495,995
22636,CHILDS BREAKFAST SET CIRCUS PARADE,512,1664,850,668,2015,850
22637,PIGGY BANK RETROSPOT,630,4624,255,210,591,255
22638,SET OF 4 NAPKIN CHARMS CROWNS,79,415,255,79,506,255
22639,SET OF 4 NAPKIN CHARMS HEARTS,294,1679,255,79,506,255
22640,SET OF 4 NAPKIN CHARMS 3 KEYS,92,361,255,79,506,255
22641,SET OF 4 NAPKIN CHARMS INSTRUMENT,71,303,255,79,506,255
22642,SET OF 4 NAPKIN CHARMS STARS,151,1000,255,79,506,255
22643,SET OF 4 NAPKIN CHARMS LEAVES,103,474,255,79,506,255
22644,CERAMIC CHERRY CAKE MONEY BANK,644,5095,145,39,1800,145
22645,CERAMIC HEART FAIRY CAKE MONEY BANK,788,5883,145,39,750,145
22646,CERAMIC STRAWBERRY CAKE MONEY BANK,934,9309,145,39,421,145
22647,CERAMIC LOVE HEART MONEY BANK,85,1067,145,39,336,145
22649,STRAWBERRY FAIRY CAKE TEAPOT,518,2340,495,425,1102,495
22650,CERAMIC PIRATE CHEST MONEY BANK,297,1852,145,125,336,145
22651,GENTLEMAN SHIRT REPAIR KIT,292,3253,85,72,166,85
22652,TRAVEL SEWING KIT,883,10163,165,145,421,165
22653,BUTTON BOX,398,3078,195,163,421,195
22654,DELUXE SEWING KIT,633,2689,595,495,1395,595
22655,VINTAGE RED KITCHEN CABINET,54,77,12500,5000,29500,12500
22656,VINTAGE BLUE KITCHEN CABINET,37,45,29500,5000,29500,29500
22657,HEN & 2 CHICKS IN BASKET,8,65,85,85,85,85
22659,LUNCHBOX I LOVE LONDON,1162,16869,195,165,495,195
22660,DOORMAT I LOVE LONDON,203,891,795,458,1579,795
22661,CHARLOTTE BAG DOLLY GIRL DESIGN,655,8319,85,72,166,85
22662,LUNCH BAG DOLLY GIRL DESIGN,1035,10069,165,119,495,165
22663,JUMBO BAG DOLLY GIRL DESIGN,702,5793,195,165,506,208
22664,TOY TIDY DOLLY GIRL DESIGN,274,1446,210,79,421,210
22665,RECIPE BOX BLUE SKETCHBOOK DESIGN,731,3025,295,255,663,295
22666,RECIPE BOX PANTRY YELLOW DESIGN,1739,10951,295,196,695,295
22667,RECIPE BOX RETRO SPOT DESIGN,899,5013,295,255,579,295
22668,PINK BABY BUNTING,588,3604,295,255,591,295
22669,RED BABY BUNTING,459,2439,295,255,695,295
22670,FRENCH WC SIGN BLUE METAL,445,4492,125,106,295,125
22671,FRENCH LAUNDRY SIGN BLUE METAL,256,1720,165,145,336,165
22672,FRENCH BATHROOM SIGN BLUE METAL,383,2870,165,145,495,165
22673,FRENCH GARDEN SIGN BLUE METAL,202,1350,125,106,336,125
22674,FRENCH TOILET SIGN BLUE METAL,306,2399,125,106,295,125
22675,FRENCH KITCHEN SIGN BLUE METAL,279,2238,125,106,251,125
22676,"FRENCH BLUE METAL DOOR SIGN, 1",313,1847,125,119,295,125
22677,"FRENCH BLUE METAL DOOR SIGN, 2",284,1589,125,119,295,125
22678,"FRENCH BLUE METAL DOOR SIGN, 3",256,1411,125,119,295,125
22679,"FRENCH BLUE METAL DOOR SIGN, 4",234,1272,125,119,295,125
22680,"FRENCH BLUE METAL DOOR SIGN, 5",237,1383,125,119,295,125
22681,"FRENCH BLUE METAL DOOR SIGN, 6",195,1171,125,119,295,125
22682,"FRENCH BLUE METAL DOOR SIGN, 7",185,1168,125,119,295,125
22683,"FRENCH BLUE METAL DOOR SIGN, 8",195,1135,125,119,295,125
22684,"FRENCH BLUE METAL DOOR SIGN, 9",170,1019,125,119,295,125
22685,"FRENCH BLUE METAL DOOR SIGN, 0",163,1087,125,119,295,125
22686,"FRENCH BLUE METAL DOOR SIGN, No",224,1410,125,101,295,125
22687,DOORMAT CHRISTMAS VILLAGE,149,895,795,458,1698,795
22688,DOORMAT PEACE ON EARTH BLUE,99,899,795,458,1788,795
22689,DOORMAT MERRY CHRISTMAS RED,266,1094,795,458,1698,795
22690,DOORMAT HOME SWEET HOME BLUE,447,2543,795,458,1672,795
22691,DOORMAT WELCOME SUNRISE,221,761,795,458,1788,795
22692,DOORMAT WELCOME TO OUR HOME,611,2141,795,458,1698,795
22693,GROW A FLYTRAP OR SUNFLOWER IN TIN,352,17899,125,86,295,125
22694,WICKER STAR,931,5136,210,185,506,210
22695,WICKER WREATH SMALL,245,1501,145,59,336,145
22696,WICKER WREATH LARGE,315,1480,195,165,421,195
22697,GREEN REGENCY TEACUP AND SAUCER,1426,10112,295,255,695,295
22698,PINK REGENCY TEACUP AND SAUCER,1066,8232,295,240,695,295
22699,ROSES REGENCY TEACUP AND SAUCER,1488,13339,295,240,695,295
22700,BLACK AND WHITE DOG BOWL,102,1394,295,85,591,295
22701,PINK DOG BOWL,161,677,295,79,591,295
22702,BLACK AND WHITE CAT BOWL,99,1593,210,65,421,210
22703,PINK CAT BOWL,167,515,163,59,421,163
22704,WRAP RED APPLES,302,8853,42,34,42,42
22705,WRAP GREEN PEARS,157,3883,42,42,42,42
22706,WRAP COWBOYS,127,4272,42,34,42,42
22707,WRAP MONSTER FUN,83,2157,42,42,42,42
22708,WRAP DOLLY GIRL,161,5375,42,34,42,42
22709,WRAP WEDDING DAY,77,2799,42,34,42,42
22710,WRAP I LOVE LONDON,174,7209,42,34,42,42
22711,WRAP CIRCUS PARADE,182,5402,42,34,42,42
22712,CARD DOLLY GIRL,527,7447,42,36,85,42
22713,CARD I LOVE LONDON,386,6257,42,36,100,42
22714,CARD BIRTHDAY COWBOY,364,5315,42,36,85,42
22715,CARD WEDDING DAY,221,2731,42,36,85,42
22716,CARD CIRCUS PARADE,460,5330,42,36,85,42
22717,CARD DOG AND BALL,221,2444,42,36,85,42
22718,CARD CAT AND TREE,271,2691,42,36,85,42
22719,"GUMBALL COATHOOK., BLACK & WHITE",246,1516,125,106,251,246
22720,SET OF 3 CAKE TINS PANTRY DESIGN,1399,7493,495,339,1295,495
22721,SET OF 3 CAKE TINS SKETCHBOOK,300,1022,495,195,1102,495
22722,SET OF 6 SPICE TINS PANTRY DESIGN,859,5984,395,345,995,395
22723,SET OF 6 HERB TINS SKETCHBOOK,303,1169,395,125,847,395
22725,ALARM CLOCK BAKELIKE CHOCOLATE,582,2591,375,339,1221,375
22726,ALARM CLOCK BAKELIKE GREEN,1357,7954,375,339,1221,375
22727,ALARM CLOCK BAKELIKE RED,1453,9595,375,299,895,375
22728,ALARM CLOCK BAKELIKE PINK,1022,6374,375,339,895,375
22729,ALARM CLOCK BAKELIKE ORANGE,654,3098,375,339,895,375
22730,ALARM CLOCK BAKELIKE IVORY,791,3877,375,339,895,375
22731,3D CHRISTMAS STAMPS STICKERS,289,3061,125,106,336,125
22732,3D VINTAGE CHRISTMAS STICKERS,360,3856,125,106,336,125
22733,3D STICKERS TRADITIONAL CHRISTMAS,365,3526,125,106,336,125
22734,SET OF 6 RIBBONS VINTAGE CHRISTMAS,788,9828,289,180,695,289
22735,RIBBON REEL SOCKS AND MITTENS,257,1499,165,145,750,165
22736,"RIBBON REEL, MAKING SNOWMEN",446,2633,165,145,750,165
22737,RIBBON REEL CHRISTMAS PRESENT,539,3412,165,145,750,165
22738,RIBBON REEL SNOWY VILLAGE,536,4636,165,145,750,165
22739,"RIBBON REEL, XMAS SOCK/BAUBLE",653,4199,165,145,421,165
22740,POLKA DOT PEN,315,13676,85,72,195,85
22741,FUNKY DIVA PEN,299,10721,85,72,166,85
22742,MAKE YOUR OWN PLAYTIME CARD KIT,191,1017,295,79,695,295
22743,MAKE YOUR OWN FLOWERPOWER CARD KIT,378,1539,295,79,695,295
22744,MAKE YOUR OWN MONSOON CARD KIT,324,1565,295,79,695,295
22745,POPPY'S PLAYHOUSE BEDROOM,772,4097,210,185,506,210
22746,POPPY'S PLAYHOUSE LIVINGROOM,609,2979,210,185,506,210
22747,POPPY'S PLAYHOUSE BATHROOM,430,2088,210,185,506,210
22748,POPPY'S PLAYHOUSE KITCHEN,806,4263,210,185,506,210
22749,FELTCRAFT PRINCESS CHARLOTTE DOLL,743,3876,375,339,895,375
22750,FELTCRAFT PRINCESS LOLA DOLL,692,3237,375,339,895,375
22751,FELTCRAFT PRINCESS OLIVIA DOLL,494,2332,375,339,762,375
22752,SET 7 BABUSHKA NESTING BOXES,757,3781,850,395,1698,850
22753,SMALL YELLOW BABUSHKA NOTEBOOK,428,2382,85,20,195,85
22754,SMALL RED BABUSHKA NOTEBOOK,521,3986,85,20,195,85
22755,SMALL PURPLE BABUSHKA NOTEBOOK,531,3833,85,20,195,85
22756,LARGE YELLOW BABUSHKA NOTEBOOK,225,1217,125,39,251,125
22757,LARGE RED BABUSHKA NOTEBOOK,329,2721,125,39,251,125
22758,LARGE PURPLE BABUSHKA NOTEBOOK,337,2476,125,39,251,125
22759,SET OF 3 NOTEBOOKS IN PARCEL,853,9541,165,145,395,165
22760,"TRAY, BREAKFAST IN BED",124,361,1275,1095,2549,1275
22761,CHEST 7 DRAWER MA CAMPAGNE,37,54,2495,2195,4913,2495
22762,CUPBOARD 3 DRAWER MA CAMPAGNE,138,216,1495,1275,2979,1495
22763,KEY CABINET MA CAMPAGNE,145,677,995,678,2038,995
22764,"RUSTIC WOODEN CABINET, GLASS DOORS",25,183,2495,1688,4996,2495
22765,NEWSPAPER STAND,58,338,1495,938,2979,1495
22766,PHOTO FRAME CORNICE,676,4475,295,255,591,295
22767,TRIPLE PHOTO FRAME CORNICE,306,1022,995,672,2038,995
22768,FAMILY PHOTO FRAME CORNICE,375,1197,995,300,2038,995
22769,CHALKBOARD KITCHEN ORGANISER,47,179,2495,1686,5102,2495
22770,MIRROR CORNICE,73,114,1495,1275,2979,1495
22771,CLEAR DRAWER KNOB ACRYLIC EDWARDIAN,540,7762,125,85,329,125
22772,PINK DRAWER KNOB ACRYLIC EDWARDIAN,336,4580,125,85,329,125
22773,GREEN DRAWER KNOB ACRYLIC EDWARDIAN,243,2495,125,85,329,125
22774,RED DRAWER KNOB ACRYLIC EDWARDIAN,197,2981,125,85,251,125
22775,PURPLE DRAWERKNOB ACRYLIC EDWARDIAN,316,3903,125,106,329,125
22776,SWEETHEART CAKESTAND 3 TIER,712,1763,995,850,2038,995
22777,GLASS CLOCHE LARGE,110,483,850,765,1698,850
22778,GLASS CLOCHE SMALL,212,1045,395,339,847,395
22779,WOODEN OWLS LIGHT GARLAND,208,2024,425,337,425,425
22780,LIGHT GARLAND BUTTERFILES PINK,188,1850,425,337,425,425
22781,GUMBALL MAGAZINE RACK,320,890,765,675,1528,765
22782,SET 3 WICKER STORAGE BASKETS,84,254,2495,995,2495,2495
22783,SET 3 WICKER OVAL BASKETS W LIDS,49,489,1995,795,3913,1995
22784,LANTERN CREAM GAZEBO,395,1598,495,425,1102,495
22785,CUSHION COVER PINK UNION FLAG,130,427,675,125,1698,675
22786,PILLOWCUSHION COVER PINK UNION JACK,99,255,595,125,1613,595
22788,BROCANTE COAT RACK,91,486,995,678,2038,995
22789,T-LIGHT HOLDER SWEETHEART HANGING,209,1276,195,165,421,195
22791,T-LIGHT GLASS FLUTED ANTIQUE,468,9946,125,106,251,125
22792,FLUTED ANTIQUE CANDLE HOLDER,280,3632,85,72,166,85
22794,SWEETHEART WIRE MAGAZINE RACK,217,402,795,675,1613,795
22795,SWEETHEART RECIPE BOOK STAND,533,1666,675,595,1357,675
22796,PHOTO FRAME 3 CLASSIC HANGING,327,823,995,850,2123,995
22797,CHEST OF DRAWERS GINGHAM HEART,146,250,1695,400,3400,1695
22798,ANTIQUE GLASS DRESSING TABLE POT,381,2491,295,255,591,295
22799,SWEETHEART WIRE FRUIT BOWL,110,255,850,295,1698,850
22800,ANTIQUE TALL SWIRLGLASS TRINKET POT,289,1211,375,339,762,375
22801,ANTIQUE GLASS PEDESTAL BOWL,326,1368,375,339,762,375
22802,FAUX FUR CHOCOLATE THROW,68,121,1995,795,3996,1995
22803,IVORY EMBROIDERED QUILT,45,78,3995,3329,8250,3575
22804,CANDLEHOLDER PINK HANGING HEART,715,5393,295,100,591,295
22805,BLUE DRAWER KNOB ACRYLIC EDWARDIAN,245,2330,125,106,329,125
22806,SET OF 6 T-LIGHTS WEDDING CAKE,60,442,295,125,591,295
22807,SET OF 6 T-LIGHTS TOADSTOOLS,314,1421,295,125,591,295
22808,SET OF 6 T-LIGHTS EASTER CHICKS,85,427,295,125,591,295
22809,SET OF 6 T-LIGHTS SANTA,410,2662,295,255,591,295
22810,SET OF 6 T-LIGHTS SNOWMEN,366,2312,295,255,591,295
22811,SET OF 6 T-LIGHTS CACTI,149,1040,295,125,591,295
22812,PACK 3 BOXES CHRISTMAS PANNETONE,513,5057,195,165,506,195
22813,PACK 3 BOXES BIRD PANNETONE,407,4039,195,165,421,195
22814,CARD PARTY GAMES,301,2783,42,36,85,42
22815,CARD PSYCHEDELIC APPLES,349,3532,42,36,85,42
22816,CARD MOTORBIKE SANTA,471,7422,42,36,100,42
22817,CARD SUKI BIRTHDAY,360,3419,42,36,85,42
22818,CARD CHRISTMAS VILLAGE,430,6670,42,36,100,42
22819,"BIRTHDAY CARD, RETRO SPOT",333,3379,42,36,85,42
22820,GIFT BAG BIRTHDAY,112,1365,65,42,128,65
22821,GIFT BAG PSYCHEDELIC APPLES,191,1711,65,42,128,65
22822,CREAM WALL PLANTER HEART SHAPED,194,608,595,495,1272,595
22823,CHEST NATURAL WOOD 20 DRAWERS,18,32,11000,11000,12500,11750
22824,3 TIER SWEETHEART GARDEN SHELF,50,63,3595,3295,3595,3595
22825,DECORATIVE PLANT POT WITH FRIEZE,40,103,795,675,1613,795
22826,LOVE SEAT ANTIQUE WHITE METAL,41,58,8500,8500,19500,8500
22827,GIANT SEVENTEEN DRAWER SIDEBOARD,37,49,16500,14500,16500,16500
22828,REGENCY MIRROR WITH SHUTTERS,12,18,14500,14500,16500,15500
22829,BROCANTE SHELF WITH HOOKS,125,251,995,850,2123,995
22830,UTILTY CABINET WITH HOOKS,22,309,2695,1000,5528,2695
22831,WHITE BROCANTE SOAP DISH,144,782,295,255,591,295
22832,SWEETHEART WIRE WALL TIDY,87,191,1075,995,2123,1075
22833,HALL CABINET WITH 3 DRAWERS,15,193,4995,1500,10000,4995
22834,HAND WARMER BABUSHKA DESIGN,684,7676,210,85,833,210
22835,HOT WATER BOTTLE I AM SO POORLY,1083,5566,465,425,1246,465
22837,HOT WATER BOTTLE BABUSHKA,538,4015,465,425,932,465
22838,3 TIER CAKE TIN RED AND CREAM,285,940,1495,998,2995,1495
22839,"CAKE TIN, 3 TIER MINT/IVORY",279,598,1495,998,2979,1495
22840,ROUND CAKE TIN VINTAGE RED,421,1354,795,549,1613,795
22841,ROUND CAKE TIN VINTAGE GREEN,316,784,795,549,1613,795
22842,BISCUIT TIN VINTAGE RED,246,844,675,595,1357,675
22843,BISCUIT TIN VINTAGE GREEN,185,603,675,467,1357,675
22844,VINTAGE CREAM DOG FOOD CONTAINER,517,1252,850,642,1698,850
22845,VINTAGE CREAM CAT FOOD CONTAINER,410,1026,635,427,1272,635
22846,BREAD BIN DINER STYLE RED,358,856,1695,500,3400,1695
22847,"BREAD BIN, DINER STYLE, IVORY",493,1191,1695,1163,3400,1695
22848,BREAD BIN DINER STYLE PINK,158,399,1695,1000,3400,1695
22849,"BREAD BIN, DINER STYLE, MINT",171,419,1695,1163,3400,1695
22851,SET 20 NAPKINS FAIRY CAKES DESIGN,560,5221,85,64,166,85
22852,ENAMEL DOG BOWL CREAM,160,565,425,375,829,425
22853,ENAMEL CAT BOWL CREAM,147,646,325,275,677,325
22854,CREAM SWEETHEART EGG HOLDER,252,1173,495,425,1102,495
22855,FINE WICKER HEART,453,5020,125,106,251,125
22856,ASSORTED EASTER DECORATIONS  BELLS,33,883,125,106,1613,125
22857,ASSORTED EASTER GIFT TAGS,69,1244,85,72,1102,85
22858,EASTER TIN KEEPSAKE,142,1138,165,145,336,165
22859,EASTER TIN BUNNY BOUQUET,172,1266,165,145,336,165
22860,EASTER TIN CHICKS PINK DAISY,116,623,165,165,336,165
22861,EASTER TIN CHICKS IN GARDEN,50,305,165,165,329,165
22862,LOVE HEART NAPKIN BOX,241,790,425,375,847,425
22863,SOAP DISH BROCANTE,184,1156,295,255,591,295
22865,HAND WARMER OWL DESIGN,1369,15557,210,179,506,210
22866,HAND WARMER SCOTTY DOG DESIGN,1250,13772,210,179,495,210
22867,HAND WARMER BIRD DESIGN,1211,13453,210,185,506,210
22868,"NUMBER TILE COTTAGE GARDEN, 0",28,125,195,195,421,195
22869,"NUMBER TILE COTTAGE GARDEN, 1",57,167,195,195,421,413
22870,"NUMBER TILE COTTAGE GARDEN, 2",49,157,413,195,421,413
22871,"NUMBER TILE COTTAGE GARDEN, 3",30,127,413,195,421,413
22872,"NUMBER TILE COTTAGE GARDEN, 4",39,136,195,195,421,413
22873,"NUMBER TILE COTTAGE GARDEN, 5",32,121,195,195,421,195
22874,"NUMBER TILE COTTAGE GARDEN, 6",29,126,195,195,421,195
22875,"NUMBER TILE COTTAGE GARDEN, 7",31,124,195,195,421,195
22876,"NUMBER TILE COTTAGE GARDEN, 8",26,121,195,195,421,195
22877,"NUMBER TILE COTTAGE GARDEN, 9",28,128,195,195,421,195
22878,"NUMBER TILE COTTAGE GARDEN, No",45,128,413,210,421,413
22879,NUMBER TILE VINTAGE FONT 0,21,82,413,42,421,413
22880,"NUMBER TILE VINTAGE FONT, 1",39,114,413,42,421,413
22881,"NUMBER TILE VINTAGE FONT, 2",36,112,413,42,421,413
22882,NUMBER TILE VINTAGE FONT 3,51,127,195,42,421,217
22883,NUMBER TILE VINTAGE FONT 4,35,110,413,42,421,413
22884,NUMBER TILE VINTAGE FONT 5,41,113,413,42,421,413
22885,NUMBER TILE VINTAGE FONT 6,36,113,413,42,421,413
22886,"NUMBER TILE VINTAGE FONT, 7",29,98,413,42,421,217
22887,NUMBER TILE VINTAGE FONT 8,28,92,413,42,421,315
22888,NUMBER TILE VINTAGE FONT 9,23,79,413,42,413,413
22889,"NUMBER TILE VINTAGE FONT, No",43,201,413,75,421,413
22890,NOVELTY BISCUITS CAKE STAND 3 TIER,278,839,995,850,2038,995
22891,TEA FOR ONE POLKADOT,252,692,425,375,847,425
22892,SALT AND PEPPER SHAKERS TOADSTOOLS,299,3562,125,106,251,125
22893,MINI CAKE STAND T-LIGHT HOLDER,187,2774,42,36,85,42
22894,TABLECLOTH RED APPLES DESIGN,198,569,995,765,2079,995
22895,SET OF 2 TEA TOWELS APPLE AND PEARS,437,2898,295,255,795,325
22896,PEG BAG APPLE DESIGN,380,2096,255,210,579,255
22897,OVEN MITT APPLE DESIGN,306,1974,145,125,750,145
22898,CHILDRENS APRON APPLE DESIGN,497,3263,195,165,496,195
22899,CHILDRENS APRON DOLLY GIRL,443,2841,210,185,495,210
22900,SET 2 TEA TOWELS I LOVE LONDON,808,6377,295,232,795,325
22902,TOTE BAG I LOVE LONDON,218,1797,210,169,421,210
22903,CALENDAR FAMILY FAVORITES,84,747,295,125,591,295
22904,CALENDAR PAPER CUT DESIGN,494,3532,295,255,695,295
22905,CALENDAR IN SEASON DESIGN,200,1090,295,125,591,295
22906,12 MESSAGE CARDS WITH ENVELOPES,507,3469,165,145,395,165
22907,PACK OF 20 NAPKINS PANTRY DESIGN,877,8745,85,64,195,85
22908,PACK OF 20 NAPKINS RED APPLES,510,5674,85,64,195,85
22909,SET OF 20 VINTAGE CHRISTMAS NAPKINS,1189,17706,85,64,195,85
22910,PAPER CHAIN KIT VINTAGE CHRISTMAS,1542,19597,295,250,695,295
22911,PAPER CHAIN KIT LONDON,177,874,295,255,591,295
22912,YELLOW COAT RACK PARIS FASHION,119,338,495,337,1102,495
22913,RED COAT RACK PARIS FASHION,131,462,495,337,1102,495
22914,BLUE COAT RACK PARIS FASHION,186,600,495,337,1102,495
22915,ASSORTED BOTTLE TOP  MAGNETS,206,3461,42,19,506,42
22916,HERB MARKER THYME,271,2006,65,55,195,65
22917,HERB MARKER ROSEMARY,274,2042,65,55,195,65
22918,HERB MARKER PARSLEY,274,1975,65,55,195,65
22919,HERB MARKER MINT,268,1833,65,55,195,65
22920,HERB MARKER BASIL,274,3526,65,55,195,65
22921,HERB MARKER CHIVES,239,1806,65,55,195,65
22922,FRIDGE MAGNETS US DINER ASSORTED,116,2109,85,72,1102,85
22923,FRIDGE MAGNETS LES ENFANTS ASSORTED,98,1674,85,72,1102,85
22924,FRIDGE MAGNETS LA VIE EN ROSE,105,1581,85,72,1102,85
22925,BLUE GIANT GARDEN THERMOMETER,202,506,595,495,1246,595
22926,IVORY GIANT GARDEN THERMOMETER,247,762,595,495,1495,595
22927,GREEN GIANT GARDEN THERMOMETER,177,502,595,495,1495,595
22928,YELLOW GIANT GARDEN THERMOMETER,121,301,595,495,1246,595
22929,SCHOOL DESK AND CHAIR,17,23,6500,5795,6500,6500
22930,BAKING MOULD HEART MILK CHOCOLATE,198,1200,255,210,595,255
22931,BAKING MOULD HEART WHITE CHOCOLATE,137,902,255,210,506,255
22932,BAKING MOULD TOFFEE CUP CHOCOLATE,75,963,255,210,506,255
22933,BAKING MOULD EASTER EGG MILK CHOC,124,952,295,210,695,295
22934,BAKING MOULD EASTER EGG WHITE CHOC,78,589,295,255,695,295
22935,BAKING MOULD ROSE MILK CHOCOLATE,68,771,325,275,663,325
22936,BAKING MOULD ROSE WHITE CHOCOLATE,54,288,325,275,663,325
22937,BAKING MOULD CHOCOLATE CUPCAKES,172,1024,255,210,595,255
22938,CUPCAKE LACE PAPER SET 6,286,3746,195,165,421,195
22939,APRON APPLE DELIGHT,188,708,495,425,1102,495
22940,FELTCRAFT CHRISTMAS FAIRY,648,3672,425,375,995,425
22941,CHRISTMAS LIGHTS 10 REINDEER,523,2710,850,650,1995,850
22942,CHRISTMAS LIGHTS 10 SANTAS,269,1273,850,295,1995,850
22943,CHRISTMAS LIGHTS 10 VINTAGE BAUBLES,391,2607,495,425,1295,495
22944,CHRISTMAS METAL POSTCARD WITH BELLS,168,4913,125,39,1613,97
22945,CHRISTMAS METAL TAGS ASSORTED,373,7857,85,72,1102,85
22946,WOODEN ADVENT CALENDAR CREAM,287,992,1695,800,3400,1695
22947,WOODEN ADVENT CALENDAR RED,222,1026,1695,795,3400,1663
22948,METAL DECORATION NAUGHTY CHILDREN,198,2245,85,72,677,85
22949,36 DOILIES DOLLY GIRL,183,2028,145,125,298,145
22950,36 DOILIES VINTAGE CHRISTMAS,357,8334,145,125,298,145
22951,72 CAKE CASES DOLLY GIRL DESIGN,675,11232,55,42,150,55
22952,72 CAKE CASES VINTAGE CHRISTMAS,1257,33786,55,42,213,55
22953,BIRTHDAY PARTY CORDON BARRIER TAPE,130,842,125,83,251,125
22954,HEN PARTY CORDON BARRIER TAPE,51,243,125,83,251,125
22955,36 FOIL STAR CAKE CASES,206,1490,210,79,421,210
22956,36 FOIL HEART CAKE CASES,296,2617,210,79,495,210
22957,SET 3 PAPER VINTAGE CHICK PAPER EGG,219,1778,295,255,579,295
22959,WRAP CHRISTMAS VILLAGE,287,9801,42,34,42,42
22960,JAM MAKING SET WITH JARS,1222,9302,425,295,995,425
22961,JAM MAKING SET PRINTED,1286,18086,145,125,395,145
22962,JAM JAR WITH PINK LID,382,4638,85,72,166,85
22963,JAM JAR WITH BLUE LID,350,3955,85,72,166,85
22964,3 PIECE SPACEBOY COOKIE CUTTER SET,434,2853,210,185,495,210
22965,3 TRADITIONAl BISCUIT CUTTERS  SET,275,1890,210,185,495,210
22966,GINGERBREAD MAN COOKIE CUTTER,786,8506,125,106,295,125
22967,SET 3 SONG BIRD PAPER EGGS ASSORTED,139,1173,295,255,579,295
22968,ROSE COTTAGE KEEPSAKE BOX,336,1199,995,850,2038,995
22969,HOMEMADE JAM SCENTED CANDLES,754,15087,145,125,395,145
22970,LONDON BUS COFFEE MUG,325,4367,255,210,595,255
22971,QUEENS GUARD COFFEE MUG,274,2431,255,210,506,255
22972,CHILDREN'S SPACEBOY MUG,269,2001,165,145,395,165
22973,CHILDRENS CIRCUS PARADE MUG,168,1428,165,145,336,165
22974,CHILDRENS DOLLY GIRL MUG,239,1748,165,145,395,165
22975,SPACEBOY CHILDRENS EGG CUP,210,1322,125,125,295,125
22976,CIRCUS PARADE CHILDRENS EGG CUP,165,1235,125,125,251,125
22977,DOLLY GIRL CHILDRENS EGG CUP,154,1061,125,125,295,125
22978,PANTRY ROLLING PIN,239,2465,375,339,746,375
22979,PANTRY WASHING UP BRUSH,390,4097,145,125,395,145
22980,PANTRY SCRUBBING BRUSH,297,2366,165,145,395,165
22981,PANTRY APPLE CORER,109,472,145,125,292,145
22982,PANTRY PASTRY BRUSH,213,1155,125,106,246,125
22983,"CARD, BILLBOARD FONT",571,6916,42,36,85,42
22984,"CARD, GINGHAM ROSE",220,3410,42,36,85,42
22985,"WRAP, BILLBOARD FONTS DESIGN",138,4772,42,34,42,42
22986,GINGHAM ROSE WRAP,206,5845,42,34,42,42
22987,"WRAP , SUMMER ROSE DESIGN",11,252,42,42,42,42
22988,SOLDIERS EGG CUP,493,9748,125,106,295,125
22989,SET 2 PANTRY DESIGN TEA TOWELS,379,2815,325,255,795,325
22990,COTTON APRON PANTRY DESIGN,168,638,495,195,1079,495
22991,GIRAFFE WOODEN RULER,281,3889,195,165,495,195
22992,REVOLVER WOODEN RULER,359,5236,195,165,495,195
22993,SET OF 4 PANTRY JELLY MOULDS,1102,12672,125,106,329,125
22994,TRAVEL CARD WALLET RETROSPOT,221,2197,42,36,83,42
22995,TRAVEL CARD WALLET SUKI,270,2389,42,36,83,42
22996,TRAVEL CARD WALLET VINTAGE TICKET,418,4813,42,36,100,42
22997,TRAVEL CARD WALLET UNION JACK,227,2595,42,36,83,42
22998,TRAVEL CARD WALLET KEEP CALM,546,12490,42,36,100,42
22999,TRAVEL CARD WALLET RETRO PETALS,230,2960,42,36,100,42
23000,TRAVEL CARD WALLET TRANSPORT,281,3171,42,36,83,42
23002,TRAVEL CARD WALLET SKULLS,197,2145,42,36,83,42
23003,TRAVEL CARD WALLET VINTAGE ROSE,54,542,42,36,42,42
23004,TRAVEL CARD WALLET PANTRY,227,2011,42,42,83,42
23005,TRAVEL CARD WALLET I LOVE LONDON,248,4783,42,36,100,42
23006,TRAVEL CARD WALLET FLOWER MEADOW,174,1764,42,36,83,42
23007,SPACEBOY BABY GIFT SET,185,499,1695,1079,2496,1695
23008,DOLLY GIRL BABY GIFT SET,135,435,1695,1079,2496,1695
23009,I LOVE LONDON BABY GIFT SET,103,263,1695,1079,2995,1695
23010,CIRCUS PARADE BABY GIFT SET,112,316,1695,1079,2496,1695
23012,GLASS APOTHECARY BOTTLE PERFUME,251,1074,395,345,829,395
23013,GLASS APOTHECARY BOTTLE TONIC,225,925,395,345,829,395
23014,GLASS APOTHECARY BOTTLE ELIXIR,213,858,395,345,829,395
23015,CORDIAL GLASS JUG,20,41,825,825,1663,825
23016,GLASS TWIST BON BON JAR,24,74,785,665,1579,785
23017,APOTHECARY MEASURING JAR,22,67,1250,1115,2496,1250
23018,LARGE APOTHECARY MEASURING JAR,21,51,1250,1115,2496,1250
23019,SMALL APOTHECARY MEASURING JAR,28,81,825,745,825,825
23020,GLASS  SONGBIRD STORAGE JAR,76,180,1250,1115,2496,1250
23021,GLASS BONNE JAM JAR,28,121,415,375,829,415
23022,SMALL BONNE JAM JAR  T-LIGHT HOLDER,24,422,208,179,208,208
23023,RIDGED BONNE JAM JAR T-LIGHT HOLDER,27,286,165,145,329,165
23024,LARGE BONNE JAM JAR  T-LIGHT HOLDER,11,255,289,249,579,289
23025,DRAWER KNOB VINTAGE GLASS BALL,54,350,208,208,413,208
23026,DRAWER KNOB VINTAGE GLASS STAR,65,557,208,179,413,208
23027,DRAWER KNOB VINTAGE GLASS HEXAGON,30,295,208,208,413,208
23028,DRAWER KNOB CRACKLE GLAZE BLUE,139,1375,165,145,413,165
23029,DRAWER KNOB CRACKLE GLAZE GREEN,156,1352,165,145,329,165
23031,DRAWER KNOB CRACKLE GLAZE PINK,157,1296,165,145,329,165
23032,DRAWER KNOB CRACKLE GLAZE IVORY,207,2342,165,145,329,165
23033,DRAWER KNOB CERAMIC RED,75,720,145,125,329,145
23034,DRAWER KNOB CERAMIC BLACK,92,991,145,125,329,145
23035,DRAWER KNOB CERAMIC IVORY,195,2209,145,125,329,145
23036,T-LIGHT HOLDER SILVER PETIT FOUR,17,185,125,125,246,125
23037,CANDLE HOLDER SILVER MADELINE,20,196,165,145,329,165
23038,T-LIGHT HOLDER SILVER SAUCER,8,44,163,83,163,163
23039,T-LIGHT HOLDER SILVER HEART HANDLE,29,199,195,165,413,195
23040,PAPER LANTERN 9 POINT SNOW STAR,43,253,575,495,1163,575
23041,PAPER LANTERN 9 POINT SNOW STAR,54,272,415,415,829,415
23042,PAPER LANTERN 7 POINT SNOW STAR,28,103,665,665,1329,665
23043,PAPER LANTERN 9 POINT HOLLY STAR 40,23,81,625,625,1246,625
23044,PAPER LANTERN 9 POINT HOLLY STAR S,28,104,415,415,829,415
23045,PAPER LANTERN 5 POINT STAR MOON 30,25,118,415,415,829,415
23046,PAPER LANTERN 9 POINT DELUXE STAR,36,349,665,575,1329,665
23047,PAPER LANTERN 5 POINT SEQUIN STAR,26,58,575,575,575,575
23048,SET OF 10 LANTERNS FAIRY LIGHT STAR,106,581,415,375,829,415
23049,RECYCLED ACAPULCO MAT RED,186,456,825,745,1663,825
23050,RECYCLED ACAPULCO MAT GREEN,205,497,825,745,1663,825
23051,RECYCLED ACAPULCO MAT BLUE,162,365,825,745,1663,825
23052,RECYCLED ACAPULCO MAT TURQUOISE,278,654,825,745,1663,825
23053,RECYCLED ACAPULCO MAT PINK,165,365,825,745,1663,825
23054,RECYCLED ACAPULCO MAT LAVENDER,131,297,825,745,1663,825
23055,IVORY CHANDELIER T-LIGHT HOLDER,41,658,625,100,1246,625
23056,FLOWERS CHANDELIER T-LIGHT HOLDER,43,966,625,100,1246,625
23057,GEMSTONE CHANDELIER T-LIGHT HOLDER,48,776,495,100,1079,495
23058,CHRISTMAS HANGING SNOWFLAKE,48,490,79,79,496,79
23060,HEART BEADED TRELLIS DECORATION,44,249,208,208,413,208
23061,VINTAGE EMBOSSED HEART,120,1033,125,104,246,125
23064,CINDERELLA CHANDELIER,23,221,4995,1000,9996,4995
23065,LARGE DECO JEWELLERY STAND,100,274,1250,1115,2496,1250
23066,SMALL DECO JEWELLERY STAND,85,259,825,745,1663,825
23067,HANGING ENGRAVED METAL HEART,85,297,415,415,829,415
23068,ALUMINIUM STAMPED HEART,139,813,249,208,496,249
23069,EDWARDIAN PHOTO FRAME,33,90,625,625,1246,625
23070,EDWARDIAN HEART PHOTO FRAME,44,160,415,415,829,415
23071,MARIE ANTOIENETT TRINKET BOX GOLD,24,319,1250,100,1250,1250
23072,MARIE ANTOINETTE TRINKET BOX SILVER,30,334,1250,100,2496,1250
23073,GEORGIAN TRINKET BOX,62,144,1250,1115,1250,1250
23074,EMBOSSED HEART TRINKET BOX,49,250,208,179,413,208
23075,DOUBLE CERAMIC PARLOUR HOOK,83,477,415,375,829,415
23076,ICE CREAM SUNDAE LIP GLOSS,278,8100,125,104,246,125
23077,DOUGHNUT LIP GLOSS,345,10415,125,104,295,125
23078,ICE CREAM PEN LIP GLOSS,257,6831,125,104,295,125
23079,TOADSTOOL BEDSIDE LIGHT,109,253,895,825,895,895
23080,RED METAL BOX TOP SECRET,264,1079,825,750,1663,825
23081,GREEN METAL BOX ARMY SUPPLIES,140,484,825,750,1663,825
23082,SET 6 PAPER TABLE LANTERN HEARTS,307,2333,375,329,750,375
23083,SET 6 PAPER TABLE LANTERN STARS,250,1933,375,329,750,375
23084,RABBIT NIGHT LIGHT,1036,30788,208,167,496,208
23085,ANTIQUE SILVER BAUBLE LAMP,87,381,1040,825,2079,1040
23086,ZINC  STAR T-LIGHT HOLDER,48,1228,125,104,246,125
23087,ZINC  HEART T-LIGHT HOLDER,69,868,125,104,246,125
23088,ZINC HEART FLOWER T-LIGHT HOLDER,79,795,125,104,246,125
23089,GLASS BON BON JAR,229,2355,329,145,329,195
23090,VINTAGE GLASS T-LIGHT HOLDER,153,2238,83,72,163,83
23091,ZINC HERB GARDEN CONTAINER,217,591,625,539,1246,625
23092,LARGE ANTIQUE WHITE PHOTO FRAME,136,525,790,549,1579,790
23093,SMALL PARISIENNE HEART PHOTO FRAME,144,941,249,164,496,249
23094,LE GRAND TRAY CHIC SET,79,152,1250,1250,2496,1250
23096,PETIT TRAY CHIC,148,1047,165,145,329,165
23099,FRENCH CARRIAGE LANTERN,59,137,665,575,1329,665
23100,SILVER BELLS TABLE DECORATION,266,2169,125,104,246,125
23101,SILVER STARS TABLE DECORATION,219,2037,83,72,246,83
23102,SILVER HEARTS TABLE DECORATION,162,1288,83,72,246,83
23103,BELL HEART DECORATION,383,4080,165,145,329,165
23104,IVORY PANTRY HANGING LAMP,46,118,1250,1040,2496,1250
23106,ZINC HEARTS PLANT POT HOLDER,53,291,289,79,579,289
23107,WHITE WIRE PLANT POT HOLDER,73,359,289,79,579,289
23108,SET OF 10 LED DOLLY LIGHTS,375,2221,625,339,1246,625
23109,LED TEA LIGHTS,277,2401,289,249,579,289
23110,PARISIENNE KEY CABINET,257,702,575,495,1246,575
23111,PARISIENNE SEWING BOX,139,312,1250,1040,2496,1250
23112,PARISIENNE CURIO CABINET,242,547,750,665,1496,750
23113,PANTRY CHOPPING BOARD,57,1154,495,415,1079,495
23114,VINTAGE LEAF CHOPPING BOARD,45,149,495,415,1079,495
23115,RED APPLES CHOPPING BOARD,47,155,495,415,1079,495
23116,VEGETABLE GARDEN CHOPPING BOARD,23,78,495,415,1079,495
23117,POPPY FIELDS CHOPPING BOARD,45,93,495,495,1079,495
23118,PARISIENNE JEWELLERY DRAWER,258,813,750,532,1496,750
23119,PACK OF 6 LARGE FRUIT STRAWS,152,2283,62,53,125,62
23120,PACK OF 6 SMALL FRUIT STRAWS,113,1716,42,36,79,42
23121,PACK OF 6 COCKTAIL PARASOL STRAWS,120,2506,42,36,125,42
23122,PARTY CHARMS 50 PIECES,138,2253,83,65,167,83
23123,COCKTAIL SWORDS 50 PIECES,96,936,83,72,167,83
23124,18PC WOODEN CUTLERY SET DISPOSABLE,43,567,125,104,246,125
23125,6PC WOOD PLATE SET DISPOSABLE,38,459,246,104,246,246
23126,DOLLCRAFT GIRL AMELIE KIT,298,1114,495,415,1079,495
23127,DOLLCRAFT GIRL NICOLE,197,737,495,415,1295,495
23128,FELTCRAFT BOY JEAN-PAUL KIT,142,453,495,415,1295,495
23129,HEART SHAPED HOLLY WREATH,172,950,415,375,829,415
23130,MISTLETOE HEART WREATH GREEN,184,962,415,375,829,415
23131,MISTLETOE HEART WREATH CREAM,117,943,415,375,829,415
23132,SMALL IVORY HEART WALL ORGANISER,155,1034,575,357,1246,575
23133,LARGE IVORY HEART WALL ORGANISER,155,782,825,566,1663,825
23134,LARGE ZINC HEART WALL ORGANISER,38,1065,825,588,1663,825
23135,SMALL ZINC HEART WALL ORGANISER,45,1541,575,332,1246,575
23136,IVORY WIRE SWEETHEART LETTER TRAY,49,135,375,329,746,375
23137,ZINC WIRE SWEETHEART LETTER TRAY,23,83,375,125,746,375
23138,SINGLE WIRE HOOK IVORY HEART,87,884,145,125,329,145
23139,SINGLE WIRE HOOK PINK HEART,29,415,145,39,329,145
23140,TRIPLE WIRE HOOK IVORY HEART,52,182,415,375,829,415
23141,TRIPLE WIRE HOOK PINK HEART,25,79,415,79,829,415
23142,IVORY WIRE KITCHEN ORGANISER,40,121,1040,915,2079,1040
23143,ZINC WIRE KITCHEN ORGANISER,16,30,1040,395,2079,1040
23144,ZINC T-LIGHT HOLDER STARS SMALL,275,5089,83,72,163,83
23145,ZINC T-LIGHT HOLDER STAR LARGE,170,2084,95,79,208,95
23146,TRIPLE HOOK ANTIQUE IVORY ROSE,234,801,329,289,663,329
23147,SINGLE ANTIQUE ROSE HOOK IVORY,266,1870,145,125,329,145
23148,MINIATURE ANTIQUE ROSE HOOK IVORY,257,2144,83,72,246,83
23149,ANTIQUE IVORY WIRE BOWL SMALL,21,99,249,249,496,249
23150,IVORY SWEETHEART SOAP DISH,49,148,249,249,496,249
23151,ZINC SWEETHEART SOAP DISH,22,62,249,79,496,249
23152,IVORY SWEETHEART WIRE LETTER RACK,162,558,375,339,746,375
23153,ZINC SWEETHEART WIRE LETTER RACK,90,263,375,339,746,375
23154,SET OF 4 JAM JAR MAGNETS,249,2732,208,185,495,208
23155,KNICKERBOCKERGLORY MAGNET ASSORTED,137,2233,83,72,829,83
23156,SET OF 5 MINI GROCERY MAGNETS,212,1672,208,185,413,208
23157,SET OF 6 NATIVITY MAGNETS,171,2570,208,185,413,208
23158,SET OF 5 LUCKY CAT MAGNETS,257,2635,208,185,413,208
23159,SET OF 5 PANCAKE DAY MAGNETS,230,2321,208,185,413,208
23160,REGENCY TEA SPOON,77,1462,125,104,246,125
23161,REGENCY CAKE FORK,98,1715,125,104,246,125
23162,REGENCY TEA STRAINER,176,1412,375,329,746,375
23163,REGENCY SUGAR TONGS,209,1832,249,208,496,249
23164,REGENCY CAKE SLICE,92,578,495,415,996,495
23165,LARGE CERAMIC TOP STORAGE JAR,286,3118,165,145,329,165
23166,MEDIUM CERAMIC TOP STORAGE JAR,250,78033,125,104,246,125
23167,SMALL CERAMIC TOP STORAGE JAR,238,5847,83,69,163,83
23168,CLASSIC SUGAR DISPENSER,343,3292,125,104,654,125
23169,CLASSIC GLASS SWEET JAR,317,1558,415,375,829,415
23170,REGENCY TEA PLATE ROSES,446,6869,165,145,329,165
23171,REGENCY TEA PLATE GREEN,383,6247,165,145,329,165
23172,REGENCY TEA PLATE PINK,306,3871,165,145,329,165
23173,REGENCY TEAPOT ROSES,425,2770,995,800,1996,995
23174,REGENCY SUGAR BOWL GREEN,325,3057,415,375,829,415
23175,REGENCY MILK JUG PINK,332,3164,325,275,746,325
23176,ABC TREASURE BOOK BOX,229,2167,225,195,495,225
23177,TREASURE ISLAND BOOK BOX,273,2535,225,195,495,225
23178,JAM CLOCK MAGNET,70,330,289,125,579,289
23179,CLOCK MAGNET MUM'S KITCHEN,53,324,289,125,579,289
23180,MUM'S KITCHEN CLOCK,49,122,495,165,1079,495
23181,BULL DOG BOTTLE TOP WALL CLOCK,82,201,825,750,1663,825
23182,TOILET SIGN OCCUPIED OR VACANT,446,3777,83,72,250,83
23183,MOTHER'S KITCHEN SPOON REST,85,226,375,329,746,375
23184,BULL DOG BOTTLE OPENER,266,874,495,415,1079,495
23185,FRENCH STYLE STORAGE JAR JAM,32,323,29,28,125,29
23186,FRENCH STYLE STORAGE JAR CAFE,71,1982,29,28,125,29
23187,FRENCH STYLE STORAGE JAR BONBONS,75,2338,29,28,125,29
23188,VINTAGE  2 METER FOLDING RULER,339,3473,165,145,395,165
23189,SET OF 12 FORK CANDLES,142,1249,289,249,579,289
23190,BUNDLE OF 3 SCHOOL EXERCISE BOOKS,203,1702,165,145,329,165
23191,BUNDLE OF 3 RETRO NOTE BOOKS,293,2218,165,145,329,165
23192,BUNDLE OF 3 ALPHABET EXERCISE BOOKS,357,3533,165,145,395,165
23193,BUFFALO BILL TREASURE BOOK BOX,181,1930,225,195,495,225
23194,GYMKHANNA TREASURE BOOK BOX,221,1839,225,195,495,225
23196,RETRO LEAVES MAGNETIC NOTEPAD,308,1876,145,125,329,145
23197,SKETCHBOOK MAGNETIC SHOPPING LIST,252,1492,145,125,329,145
23198,PANTRY MAGNETIC  SHOPPING LIST,489,3346,145,104,329,145
23199,JUMBO BAG APPLES,988,14920,208,165,413,208
23200,JUMBO BAG PEARS,602,7071,208,165,413,208
23201,JUMBO BAG ALPHABET,916,13379,208,165,495,208
23202,JUMBO BAG VINTAGE LEAF,889,10962,208,165,413,208
23203,JUMBO BAG DOILEY PATTERNS,1249,20503,208,165,495,208
23204,CHARLOTTE BAG APPLES DESIGN,586,7976,85,72,246,85
23205,CHARLOTTE BAG VINTAGE ALPHABET,472,5859,85,72,246,85
23206,LUNCH BAG APPLE DESIGN,1071,12183,165,145,833,165
23207,LUNCH BAG ALPHABET DESIGN,767,7851,165,145,833,165
23208,LUNCH BAG VINTAGE LEAF DESIGN,688,6342,165,145,833,165
23209,LUNCH BAG DOILEY PATTERN,1123,13189,165,145,413,165
23210,WHITE ROCKING HORSE HAND PAINTED,207,2902,125,104,250,125
23211,RED ROCKING HORSE HAND PAINTED,164,2331,125,104,250,125
23212,HEART WREATH DECORATION WITH BELL,195,2300,125,104,250,125
23213,STAR WREATH DECORATION WITH BELL,156,1683,125,104,246,125
23214,JINGLE BELL HEART ANTIQUE GOLD,109,794,208,179,413,208
23215,JINGLE BELL HEART ANTIQUE SILVER,216,3567,208,179,413,208
23216,LAUREL HEART ANTIQUE GOLD,45,525,125,104,246,125
23217,LAUREL HEART ANTIQUE SILVER,99,1309,125,104,250,125
23218,LAUREL STAR ANTIQUE GOLD,40,379,125,104,246,125
23219,LAUREL STAR ANTIQUE SILVER,64,430,125,104,250,125
23220,REINDEER HEART DECORATION GOLD,105,994,83,72,163,83
23221,REINDEER HEART DECORATION SILVER,150,1537,83,72,163,83
23222,CHRISTMAS TREE HANGING GOLD,77,799,83,72,163,83
23223,CHRISTMAS TREE HANGING SILVER,91,803,83,72,163,83
23224,CHERUB HEART DECORATION GOLD,71,738,83,72,163,83
23225,CHERUB HEART DECORATION SILVER,89,1356,83,72,163,83
23226,FILIGREE HEART DAISY WHITE,99,1247,125,104,246,125
23227,FILIGREE HEART BUTTERFLY WHITE,117,1642,125,104,246,125
23228,FILIGREE HEART BIRD WHITE,126,1492,125,104,246,125
23229,VINTAGE DONKEY TAIL GAME,256,1869,375,262,746,375
23230,WRAP ALPHABET DESIGN,236,8001,42,34,42,42
23231,WRAP DOILEY DESIGN,260,7277,42,34,42,42
23232,WRAP VINTAGE PETALS  DESIGN,243,8626,42,34,42,42
23233,WRAP POPPIES  DESIGN,159,5175,42,34,42,42
23234,BISCUIT TIN VINTAGE CHRISTMAS,280,1725,289,249,579,289
23235,STORAGE TIN VINTAGE LEAF,108,739,289,125,579,289
23236,DOILEY STORAGE TIN,339,2509,289,249,579,289
23237,SET OF 4 KNICK KNACK TINS LEAVES,178,1054,415,375,829,415
23238,SET OF 4 KNICK KNACK TINS LONDON,285,1862,415,375,995,415
23239,SET OF 4 KNICK KNACK TINS POPPIES,186,853,415,165,829,415
23240,SET OF 4 KNICK KNACK TINS DOILEY,550,4186,415,375,829,415
23241,TREASURE TIN GYMKHANA DESIGN,374,2184,208,185,413,208
23242,TREASURE TIN BUFFALO BILL,223,1476,208,185,413,208
23243,SET OF TEA COFFEE SUGAR TINS PANTRY,474,4805,495,171,1079,495
23244,ROUND STORAGE TIN VINTAGE LEAF,112,936,195,165,413,195
23245,SET OF 3 REGENCY CAKE TINS,882,6357,495,415,1079,495
23247,BISCUIT TIN 50'S CHRISTMAS,315,2206,289,249,695,289
23249,VINTAGE RED ENAMEL TRIM PLATE,82,854,165,145,329,165
23250,VINTAGE RED TRIM ENAMEL BOWL,110,1179,125,104,246,125
23251,VINTAGE RED ENAMEL TRIM MUG,121,1713,125,104,246,125
23252,VINTAGE RED ENAMEL TRIM JUG,141,607,375,329,746,375
23253,16 PIECE CUTLERY SET PANTRY DESIGN,70,258,1595,1250,3329,1595
23254,CHILDRENS CUTLERY DOLLY GIRL,307,1710,415,375,829,415
23255,CHILDRENS CUTLERY CIRCUS PARADE,159,1015,415,375,829,415
23256,CHILDRENS CUTLERY SPACEBOY,374,2115,415,375,829,415
23263,SET OF 3 WOODEN HEART DECORATIONS,487,3893,125,104,250,125
23264,SET OF 3 WOODEN SLEIGH DECORATIONS,317,1966,125,104,250,125
23265,SET OF 3 WOODEN TREE DECORATIONS,317,1784,125,104,250,125
23266,SET OF 3 WOODEN STOCKING DECORATION,342,2064,125,104,250,125
23267,SET OF 4 SANTA PLACE SETTINGS,111,1202,125,104,246,125
23268,SET OF 2 CERAMIC CHRISTMAS REINDEER,90,1448,145,125,292,145
23269,SET OF 2 CERAMIC CHRISTMAS TREES,97,786,145,125,292,145
23270,SET OF 2 CERAMIC PAINTED HEARTS,132,1183,145,125,292,145
23271,CHRISTMAS TABLE CANDLE SILVER SPIKE,107,1734,83,69,163,83
23272,TREE T-LIGHT HOLDER WILLIE WINKIE,44,364,165,39,329,165
23273,HEART T-LIGHT HOLDER WILLIE WINKIE,113,969,165,145,329,165
23274,STAR T-LIGHT HOLDER WILLIE WINKIE,123,1183,165,145,329,165
23275,SET OF 3 HANGING OWLS OLLIE BEAK,341,3749,125,104,246,125
23280,FOLDING BUTTERFLY MIRROR HOT PINK,159,2024,83,72,246,83
23281,FOLDING BUTTERFLY MIRROR RED,104,1280,83,72,246,83
23282,FOLDING BUTTERFLY MIRROR IVORY,137,812,83,72,246,83
23283,DOORMAT VINTAGE LEAVES DESIGN,233,994,825,458,1579,795
23284,DOORMAT KEEP CALM AND COME IN,735,5491,795,458,1663,795
23285,PINK VINTAGE SPOT BEAKER,192,4807,85,72,163,85
23286,BLUE VINTAGE SPOT BEAKER,222,5048,85,72,163,85
23287,RED VINTAGE SPOT BEAKER,202,1891,85,72,163,85
23288,GREEN VINTAGE SPOT BEAKER,186,4625,85,72,163,85
23289,DOLLY GIRL CHILDRENS BOWL,192,1622,125,105,246,125
23290,SPACEBOY CHILDRENS BOWL,215,2437,125,105,246,125
23291,DOLLY GIRL CHILDRENS CUP,197,1635,125,105,246,125
23292,SPACE BOY CHILDRENS CUP,224,2182,125,105,246,125
23293,SET OF 12 FAIRY CAKE BAKING CASES,562,8486,83,72,246,83
23294,SET OF 6 SNACK LOAF BAKING CASES,365,4420,83,72,246,83
23295,SET OF 12 MINI LOAF BAKING CASES,455,6140,83,72,246,83
23296,SET OF 6 TEA TIME BAKING CASES,383,4981,125,104,329,125
23297,SET 40 HEART SHAPE PETIT FOUR CASES,163,4303,165,145,329,165
23298,SPOTTY BUNTING,1165,8473,495,415,1079,495
23299,FOOD COVER WITH BEADS SET 2,148,1015,375,339,746,375
23300,GARDENERS KNEELING PAD CUP OF TEA,773,6827,165,118,395,165
23301,GARDENERS KNEELING PAD KEEP CALM,926,8825,165,118,413,165
23302,KNEELING MAT HOUSEWORK  DESIGN,236,1544,165,79,329,165
23303,SET 4 PICNIC CUTLERY FONDANT,6,65,195,195,195,195
23304,SET 4 PICNIC CUTLERY CHERRY,9,71,195,195,195,195
23305,SET 4 PICNIC CUTLERY BLUEBERRY,9,82,195,195,195,195
23306,SET OF 36 DOILIES PANTRY DESIGN,279,2808,145,125,292,145
23307,SET OF 60 PANTRY DESIGN CAKE CASES,654,12063,55,42,125,55
23308,SET OF 60 VINTAGE LEAF CAKE CASES,394,6151,55,42,125,55
23309,SET OF 60 I LOVE LONDON CAKE CASES,430,8332,55,42,150,55
23310,BUBBLEGUM RING ASSORTED,246,12050,42,36,83,42
23311,VINTAGE CHRISTMAS STOCKING,347,2390,255,210,595,255
23312,VINTAGE CHRISTMAS GIFT SACK,219,1424,415,375,995,415
23313,VINTAGE CHRISTMAS BUNTING,413,2997,495,415,1295,495
23314,VINTAGE CHRISTMAS TABLECLOTH,119,409,1250,1039,2496,1250
23315,IVORY REFECTORY CLOCK,86,213,995,815,1996,995
23316,RED REFECTORY CLOCK,111,251,995,815,1996,995
23317,BLUE REFECTORY CLOCK,83,174,995,815,1996,995
23318,BOX OF 6 MINI VINTAGE CRACKERS,384,3811,249,208,595,249
23319,BOX OF 6 MINI 50'S CRACKERS,419,3739,249,208,595,249
23320,GIANT 50'S CHRISTMAS CRACKER,344,2668,289,125,579,289
23321,SMALL WHITE HEART OF WICKER,653,4737,165,111,395,165
23322,LARGE WHITE HEART OF WICKER,583,3085,295,197,583,295
23323,WHITE WICKER STAR,306,1473,210,185,413,210
23324,RUSTIC STRAWBERRY JAMPOT LARGE,44,399,208,185,413,208
23325,RUSTIC STRAWBERRY JAMPOT SMALL,35,462,165,145,329,165
23326,HANGING MINI COLOURED BOTTLES,77,3443,63,52,829,63
23327,HANGING CLEAR MINI BOTTLE,42,1734,63,55,163,63
23328,SET 6 SCHOOL MILK BOTTLES IN CRATE,413,2845,375,339,746,375
23329,DECORATIVE WICKER HEART LARGE,261,1778,165,145,395,165
23330,DECORATIVE WICKER HEART MEDIUM,231,1804,125,104,246,125
23331,DECORATIVE WICKER HEART SMALL,114,1596,63,55,125,63
23332,IVORY WICKER HEART LARGE,301,2076,165,145,395,165
23333,IVORY WICKER HEART MEDIUM,249,2110,125,104,246,125
23334,IVORY WICKER HEART SMALL,136,2271,63,55,125,63
23335,EGG FRYING PAN IVORY,98,378,208,185,413,208
23336,EGG FRYING PAN PINK,87,226,208,208,413,208
23337,EGG FRYING PAN MINT,69,180,208,208,413,208
23338,EGG FRYING PAN RED,109,431,208,185,413,208
23339,EGG FRYING PAN BLUE,77,175,208,208,413,208
23340,VINTAGE CHRISTMAS CAKE FRILL,153,2512,165,145,329,165
23341,PINK DINER WALL CLOCK,122,308,850,765,1663,850
23342,MINT DINER WALL CLOCK,165,375,850,765,1663,850
23343,JUMBO BAG VINTAGE CHRISTMAS,489,6081,208,175,495,208
23344,JUMBO BAG 50'S CHRISTMAS,732,10306,208,175,495,208
23345,DOLLY GIRL BEAKER,179,2455,125,108,246,125
23346,SPACEBOY BEAKER,188,2632,125,108,246,125
23347,I LOVE LONDON BEAKER,98,860,125,108,246,125
23348,CHILDRENS TOY COOKING UTENSIL SET,173,750,208,179,413,208
23349,ROLL WRAP VINTAGE CHRISTMAS,348,3231,125,104,246,125
23350,ROLL WRAP VINTAGE SPOT,314,2721,125,104,246,125
23351,ROLL WRAP 50'S CHRISTMAS,361,3539,125,104,295,125
23352,ROLL WRAP 50'S RED CHRISTMAS,215,1803,125,104,295,125
23353,6 GIFT TAGS VINTAGE CHRISTMAS,335,4016,83,72,163,83
23354,6 GIFT TAGS 50'S CHRISTMAS,332,3743,83,72,195,83
23355,HOT WATER BOTTLE KEEP CALM,805,5841,495,415,1296,495
23356,LOVE HOT WATER BOTTLE,500,2386,595,495,1246,595
23357,HOT WATER BOTTLE SEX BOMB,105,453,495,165,1246,495
23358,HOT STUFF HOT WATER BOTTLE,90,595,375,125,829,375
23359,SET OF 12 T-LIGHTS VINTAGE DOILEY,80,993,195,165,413,195
23360,SET 8 CANDLES VINTAGE DOILEY,119,1187,195,165,495,195
23365,SET 12 COLOUR PENCILS LOVE LONDON,175,1859,65,55,150,65
23366,SET 12 COLOURING PENCILS DOILY,199,2253,65,55,150,65
23367,SET 12 COLOUR PENCILS SPACEBOY,289,3285,65,55,150,65
23368,SET 12 COLOUR PENCILS DOLLY GIRL,239,2382,65,55,125,65
23369,SET 36 COLOUR PENCILS LOVE LONDON,129,1105,125,106,295,125
23370,SET 36 COLOUR PENCILS DOILEY,158,1555,125,106,295,125
23371,SET 36 COLOUR PENCILS SPACEBOY,192,1712,125,106,295,125
23372,SET 36 COLOUR PENCILS DOLLY GIRL,153,1391,125,106,246,125
23373,VINTAGE CHRISTMAS PAPER GIFT BAG,100,1608,82,72,163,82
23374,RED SPOT PAPER GIFT BAG,131,2456,82,72,163,82
23375,50'S CHRISTMAS PAPER GIFT BAG,104,1352,82,72,163,82
23376,PACK OF 12 VINTAGE CHRISTMAS TISSUE,160,3051,39,32,100,39
23377,PACK OF 12 DOLLY GIRL TISSUES,137,1354,39,39,83,39
23378,PACK OF 12 50'S CHRISTMAS TISSUES,188,4003,39,32,100,39
23379,PACK OF 12 RED APPLE TISSUES,77,1220,39,32,83,39
23380,PACK OF 12 VINTAGE DOILY TISSUES,123,2344,39,32,100,39
23381,PACK OF 12 VINTAGE LEAF TISSUES,83,1509,39,32,83,39
23382,BOX OF 6 CHRISTMAS CAKE DECORATIONS,221,1875,375,329,746,375
23388,WOODLAND MINI BACKPACK,157,825,415,375,995,415
23389,SPACEBOY MINI BACKPACK,244,1122,415,375,995,415
23390,DOLLY GIRL MINI BACKPACK,170,751,415,375,829,415
23391,I LOVE LONDON MINI BACKPACK,89,390,415,375,829,415
23392,SPACEBOY ROCKET LOLLY MAKERS,118,667,208,179,413,208
23393,HOME SWEET HOME CUSHION COVER,236,807,375,375,1079,375
23394,POSTE FRANCE CUSHION COVER,155,438,375,375,1079,375
23395,BELLE JARDINIERE CUSHION COVER,220,761,375,329,1079,375
23396,BUTTERFLY CUSHION COVER,208,662,375,329,1079,375
23397,FOOT STOOL HOME SWEET HOME,217,489,995,815,1996,995
23398,HANGING HEART BONHEUR,78,610,85,72,208,85
23399,HOME SWEET HOME HANGING HEART,240,1922,85,72,208,85
23400,SHELF WITH 4 HOOKS HOME SWEET HOME,108,461,625,414,1246,625
23401,RUSTIC MIRROR WITH LACE HEART,83,459,625,415,1246,625
23402,HOME SWEEET HOME 3 PEG HANGER,69,297,375,329,746,375
23403,LETTER HOLDER HOME SWEET HOME,136,626,375,248,746,375
23404,HOME SWEET HOME BLACKBOARD,169,1011,495,326,1079,495
23405,HOME SWEET HOME 2 DRAWER CABINET,73,254,495,415,1079,495
23406,HOME SWEET HOME KEY HOLDER,112,457,625,415,1246,625
23407,SET OF 2 TRAYS HOME SWEET HOME,134,267,995,849,1663,995
23408,PHOTO FRAME LINEN AND LACE SMALL,59,310,208,208,208,208
23409,PHOTO FRAME LINEN AND LACE LARGE,43,215,375,329,746,375
23410,CURIO CABINET LINEN AND LACE,18,36,815,705,815,815
23411,TRELLIS COAT RACK,57,227,495,415,1079,495
23412,HEART MIRROR ANTIQUE WHITE,77,358,750,498,1579,750
23413,VINTAGE COFFEE GRINDER BOX,60,177,495,415,1079,495
23414,ZINC BOX SIGN HOME,64,141,995,849,2079,995
23415,HOME SWEET HOME HOOK,47,328,165,39,329,165
23416,CHAMBRE HOOK,25,132,165,39,329,165
23417,BATHROOM HOOK,28,146,165,39,329,165
23418,LAVENDER TOILETTE BOTTLE,80,558,208,179,413,208
23419,HOME SWEET HOME BOTTLE,87,474,208,179,413,208
23420,PANTRY HOOK TEA STRAINER,33,165,208,208,413,208
23421,PANTRY HOOK SPATULA,34,162,208,208,413,208
23422,PANTRY HOOK BALLOON WHISK,47,213,208,208,413,208
23423,PANTRY 3 HOOK ROLLING PIN HANGER,66,219,375,375,746,375
23424,GINGHAM RECIPE BOOK BOX,136,466,495,415,1079,495
23425,STORAGE TIN HOME SWEET HOME,56,275,249,79,496,249
23426,METAL SIGN DROP YOUR PANTS,210,1277,289,160,579,289
23427,STOOL HOME SWEET HOME,116,238,1250,1040,2496,1250
23428,IVORY RETRO KITCHEN WALL CLOCK,33,77,815,705,1663,815
23429,RED RETRO KITCHEN WALL CLOCK,23,47,815,815,1663,815
23430,BLUE RETRO KITCHEN WALL CLOCK,18,36,815,815,1663,815
23431,NATURAL HANGING QUILTED HEARTS,77,1454,83,72,1079,83
23432,PRETTY HANGING QUILTED HEARTS,76,1278,83,72,1079,83
23433,HANGING QUILTED PATCHWORK APPLES,89,1258,83,72,1079,83
23434,3 RAFFIA RIBBONS 50'S CHRISTMAS,201,2105,79,79,208,79
23435,3 RAFFIA RIBBONS VINTAGE CHRISTMAS,100,827,83,79,413,83
23436,GIFT BAG LARGE VINTAGE CHRISTMAS,114,1979,125,104,246,125
23437,50'S CHRISTMAS GIFT BAG LARGE,131,1939,125,104,246,125
23438,RED SPOT GIFT BAG LARGE,111,1823,125,104,246,125
23439,HAND WARMER RED LOVE HEART,425,4027,210,185,495,210
23440,PAINT YOUR OWN EGGS IN CRATE,5,164,208,179,208,208
23442,12 HANGING EGGS HAND PAINTED,10,42,208,208,208,208
23444,Next Day Carriage,79,79,1500,1500,3000,1500
23445,ICE CREAM BUBBLES,103,2688,83,72,163,83
23451,SQUARE MINI PORTRAIT FRAME,54,278,195,165,413,195
23452,HEART MINI PORTRAIT FRAME,87,518,195,165,413,195
23453,OVAL  MINI PORTRAIT FRAME,51,324,195,165,413,195
23454,SET OF 3 MINI HANGING PORTRAITS,59,179,415,375,829,415
23455,SMALL PARLOUR PICTURE FRAME,36,207,289,249,289,289
23456,MEDIUM PARLOUR PICTURE FRAME,36,158,415,375,415,415
23457,LARGE PARLOUR PICTURE FRAME,32,113,495,450,1079,495
23458,DOLLY CABINET 3 DRAWERS,30,51,1495,1495,1495,1495
23459,DOLLY CABINET 2 DRAWERS,19,33,1250,1250,1250,1250
23460,SWEETHEART WALL TIDY,43,108,995,784,995,995
23461,SWEETHEART BIRD HOUSE,107,857,415,330,829,415
23462,ROCOCO WALL MIRROR WHITE,46,80,1995,1695,4163,1995
23463,VINTAGE ZINC WATERING CAN,8,13,995,995,2000,995
23464,VINTAGE ZINC WATERING CAN SMALL,8,18,495,495,1000,495
23465,TUSCAN VILLA FEEDING STATION,16,29,825,825,1663,825
23466,TUSCAN VILLA DOVECOTE,27,55,825,750,1663,825
23467,VINTAGE ZINC PLANTER,11,32,329,329,625,329
23468,TUSCAN VILLA BIRD TABLE,11,19,825,825,825,825
23469,CARD HOLDER LOVE BIRD SMALL,72,332,415,329,829,415
23470,CARD HOLDER LOVE BIRD LARGE,84,232,625,539,1246,625
23471,SIX DRAWER OFFICE TIDY,28,66,995,825,2079,995
23472,NINE DRAWER OFFICE TIDY,34,59,1495,1250,2913,1495
23473,WOODLAND SMALL RED FELT HEART,52,679,83,72,163,83
23474,WOODLAND SMALL BLUE FELT HEART,38,312,83,83,163,83
23475,WOODLAND SMALL PINK FELT HEART,31,286,83,83,163,83
23476,WOODLAND LARGE RED FELT HEART,22,205,125,125,246,125
23477,WOODLAND LARGE BLUE FELT HEART,13,92,125,125,246,125
23478,WOODLAND LARGE PINK FELT HEART,13,285,125,104,246,125
23479,WIRE EGG BASKET,45,114,785,665,1496,785
23480,MINI LIGHTS WOODLAND MUSHROOMS,220,1800,375,329,746,375
23481,PEARLISED IVORY HEART SMALL,32,228,125,104,246,125
23482,PEARLISED IVORY HEART LARGE,39,418,165,145,329,165
23483,HANGING  BUTTERFLY T-LIGHT HOLDER,76,1340,125,104,1579,125
23484,HEART TRELLISTRIPLE T-LIGHT HOLDER,36,185,289,249,579,289
23485,BOTANICAL GARDENS WALL CLOCK,83,262,2500,2080,4996,2500
23486,ANTIQUE HEART SHELF UNIT,74,275,1665,1335,3329,1665
23487,SWEET HEART CAKE CARRIER,44,80,995,825,2079,995
23489,"GARLAND, VINTAGE BELLS",165,913,289,249,579,289
23490,T-LIGHT HOLDER HANGING LOVE BIRD,102,548,375,329,746,375
23491,VINTAGE JINGLE BELLS HEART,79,228,825,825,1663,825
23492,VINTAGE JINGLE BELLS WREATH,28,76,825,825,1663,825
23493,VINTAGE DOILY TRAVEL SEWING KIT,430,3970,195,165,495,195
23494,VINTAGE DOILY DELUXE SEWING KIT,208,813,595,495,1495,595
23495,SET OF 3 PANTRY WOODEN SPOONS,41,225,125,125,246,125
23496,PANTRY KITCHEN THERMOMETER,31,112,125,125,246,125
23497,CLASSIC CHROME BICYCLE BELL,202,2561,145,125,329,145
23498,CLASSIC BICYCLE CLIPS,106,1644,145,125,329,145
23499,SET 12 VINTAGE DOILY CHALK,115,1315,42,42,100,42
23500,KEY RING BASEBALL BOOT ASSORTED,107,1631,125,104,246,125
23501,KEY RING BASEBALL BOOT UNION JACK,116,1823,125,104,246,125
23502,PLAYING CARDS VINTAGE DOILEY,95,714,125,104,295,125
23503,PLAYING CARDS KEEP CALM & CARRY ON,345,3646,125,104,295,125
23504,PLAYING CARDS JUBILEE UNION JACK,221,1934,125,104,295,125
23505,PLAYING CARDS I LOVE LONDON,122,1207,125,104,295,125
23506,MINI PLAYING CARDS SPACEBOY,156,2747,42,36,83,42
23507,MINI PLAYING CARDS BUFFALO BILL,129,2884,42,36,83,42
23508,MINI PLAYING CARDS DOLLY GIRL,132,2631,42,36,100,42
23509,MINI PLAYING CARDS FUN FAIR,68,1065,42,36,83,42
23510,MINI PLAYING CARDS GYMKHANA,126,2522,42,36,100,42
23511,EMBROIDERED RIBBON REEL EMILY,101,573,208,179,495,208
23512,EMBROIDERED RIBBON REEL ROSIE,58,501,208,179,413,208
23513,EMBROIDERED RIBBON REEL SUSIE,70,566,208,179,413,208
23514,EMBROIDERED RIBBON REEL SALLY,74,478,208,179,413,208
23515,EMBROIDERED RIBBON REEL DAISY,72,579,208,179,495,208
23516,EMBROIDERED RIBBON REEL SOPHIE,45,297,375,329,695,375
23517,EMBROIDERED RIBBON REEL REBECCA,63,334,289,249,695,289
23518,EMBROIDERED RIBBON REEL RACHEL,45,362,289,249,695,289
23519,EMBROIDERED RIBBON REEL CLAIRE,24,224,375,329,746,375
23520,EMBROIDERED RIBBON REEL RUBY,33,168,375,329,746,375
23521,CAT AND BIRD WALL ART,44,413,579,112,579,434
23522,DOG AND BALL WALL ART,32,354,289,125,579,289
23523,TREASURE AHOY WALL ART,41,360,375,266,746,375
23524,HORSE & PONY WALL ART,63,481,375,266,746,375
23525,BUFFALO BILL WALL ART,54,583,375,265,746,375
23526,DOG LICENCE WALL ART,144,1012,595,388,1495,595
23527,ANIMALS AND NATURE WALL ART,49,421,375,266,746,375
23528,SPACEBOY WALL ART,50,479,375,266,746,375
23529,DOLLY GIRL WALL ART,37,637,375,266,746,375
23530,WALL ART ONLY ONE PERSON,88,1062,495,357,1079,495
23531,WALL ART BIG LOVE,114,979,695,476,1413,695
23532,WALL ART WORK REST AND PLAY,31,210,495,195,1079,495
23533,WALL ART GARDEN HAVEN,36,215,595,195,1246,595
23534,STOP FOR TEA WALL ART,262,1388,595,388,1495,595
23535,BICYCLE SAFTEY WALL ART,220,1329,595,388,1495,595
23536,VILLAGE SHOW WALL ART,85,626,595,388,1609,595
23537,I LOVE LONDON WALL ART,34,111,495,415,1079,495
23538,WALL ART VINTAGE HEART,33,332,495,358,1246,495
23539,WALL ART LOVES' SECRET,42,247,595,388,1246,595
23540,WALL ART THE MAGIC FOREST,14,150,695,255,1413,695
23541,WALL ART CLASSIC PUDDINGS,152,872,825,667,1663,825
23542,70'S ALPHABET WALL ART,89,506,825,667,1663,825
23543,KEEP CALM WALL ART,106,1237,825,415,1663,825
23544,WALL ART MID CENTURY MODERN,20,164,825,395,825,825
23545,WRAP RED DOILEY,85,2480,42,34,42,42
23546,WRAP PAISLEY PARK,121,3275,42,42,42,42
23547,WRAP FLOWER SHOP,62,1575,42,42,42,42
23548,WRAP MAGIC FOREST,43,1075,42,42,42,42
23549,WRAP BIRD GARDEN,52,1305,42,42,42,42
23550,WRAP ALPHABET POSTER,64,1855,42,34,42,42
23551,PACK OF 12 PAISLEY PARK TISSUES,141,1843,39,39,100,39
23552,BICYCLE PUNCTURE REPAIR KIT,124,1864,208,179,413,208
23553,LANDMARK FRAME CAMDEN TOWN,69,569,1250,1095,2496,1250
23554,LANDMARK FRAME OXFORD STREET,59,424,1250,1095,2496,1250
23555,LANDMARK FRAME NOTTING HILL,54,424,1250,1095,2496,1250
23556,LANDMARK FRAME COVENT GARDEN,56,439,1250,1095,2496,1250
23557,LANDMARK FRAME BAKER STREET,32,350,1250,1095,2496,1250
23558,LANDMARK FRAME LONDON BRIDGE,55,418,1250,1095,2496,1250
23559,WOODLAND BUNNIES LOLLY MAKERS,127,652,208,179,413,208
23560,SET OF 6 RIBBONS COUNTRY STYLE,27,173,289,249,579,289
23561,SET OF 6 RIBBONS PARTY,16,170,289,249,579,289
23562,SET OF 6 RIBBONS PERFECTLY PRETTY,45,253,289,249,579,289
23564,EGG CUP MILKMAID INGRID,76,644,125,104,246,125
23565,EGG CUP MILKMAID HELGA,63,410,125,125,246,125
23566,EGG CUP MILKMAID HEIDI,84,883,125,104,246,125
23567,EGG CUP HENRIETTA HEN PINK,38,211,125,125,246,125
23568,EGG CUP HENRIETTA HEN CREAM,48,630,125,104,246,125
23569,TRADTIONAL ALPHABET STAMP SET,202,961,495,415,1079,495
23570,TRADITIONAL PICK UP STICKS GAME,293,2782,125,125,295,125
23571,TRADITIONAL NAUGHTS & CROSSES,268,2859,165,145,395,165
23574,PACKING CHARGE,14,14,750,750,750,750
23575,SNACK TRAY PAISLEY PARK,34,179,195,165,413,195
23576,SNACK TRAY RED VINTAGE DOILY,38,198,195,165,413,195
23578,SNACK TRAY RED GINGHAM,14,60,195,195,413,195
23579,SNACK TRAY I LOVE LONDON,37,171,195,165,413,195
23580,SNACK TRAY HAPPY FOREST,26,117,195,195,413,195
23581,JUMBO BAG PAISLEY PARK,351,5035,208,175,495,208
23582,VINTAGE DOILY JUMBO BAG RED,266,4815,208,175,495,208
23583,LUNCH BAG PAISLEY PARK,338,3395,165,145,413,165
23597,PAPER BUNTING PAISLEY PARK,33,251,295,255,579,295
23598,PAPER BUNTING VINTAGE PARTY,48,428,295,255,579,295
23603,SET 10 CARD KRAFT REINDEER 17084,14,20,249,249,249,249
23607,SET 10 CARDS HATS & STOCKINGS 17081,7,8,166,166,166,166
23611,SET 10 CARDS RED RIDING HOOD 17214,16,40,249,249,249,249
23613,SET 10 XMAS CARDS & BADGES 17070,6,11,249,249,249,249
23614,SET 10 CARDS 12 DAYS WRAP  17058,11,26,333,333,333,333
23616,SET 10 CARDS JINGLE BELLS 17217,7,8,249,249,249,249
23620,SET 10 CARDS PERFECT POST 17090,7,10,249,249,249,249
23623,SET 10 CARD CHRISTMAS WELCOME 17112,6,8,291,291,291,291
23626,SET 10 CARDS DINKY TREE 17076,16,43,249,249,249,249
23629,SET 10 CARDS DRESSING UP 17077,10,24,249,249,249,249
23632,SET 10 CARDS CHEERFUL ROBIN 17065,10,15,208,208,208,208
23634,SET 10 CARDS XMAS CHOIR 17068,5,5,291,291,291,291
23636,SET 10 CARDS WISHING TREE 17116,7,9,291,291,291,291
23637,SET 10 CARDS OUT OF ORDER 17216,9,11,249,249,249,249
23640,SET 10 CARDS SCOTTIE DOG 17211,8,9,249,249,249,249
23644,SET 10 CARDS CHRISTMAS TREE 16955,5,5,333,333,333,333
23646,SET 10 CARDS JINGLE BELLS 16957,5,8,249,249,249,249
23660,HENRIETTA HEN MUG,42,306,165,165,413,165
23661,MILK MAIDS MUG,34,219,165,165,413,165
23681,LUNCH BAG RED VINTAGE DOILY,134,1577,165,145,413,165
23691,KEEP CALM BIRTHDAY WRAP,38,1175,42,36,42,42
23694,PAISLEY PARK CARD,41,376,42,36,83,42
23695,DOILY THANK YOU CARD,59,765,42,36,83,42
23697,A PRETTY THANK YOU CARD,36,456,42,36,83,42
35001B,HAND OPEN SHAPE BLACK,6,17,349,349,349,349
35001G,HAND OPEN SHAPE GOLD,109,760,425,125,865,425
35001W,HAND OPEN SHAPE DECO.WHITE,200,973,349,150,865,349
35004B,SET OF 3 BLACK FLYING DUCKS,280,1500,545,195,1300,579
35004C,SET OF 3 COLOURED  FLYING DUCKS,369,3284,545,100,1300,545
35004G,SET OF 3 GOLD FLYING DUCKS,78,363,635,195,1300,635
35004P,SET OF 3 PINK FLYING DUCKS,43,120,545,195,1300,545
35004S,SET OF 3 SILVER FLYING DUCKS,24,145,635,195,1300,635
35004c,SET OF 3 COLOURED  FLYING DUCKS,25,27,1272,1272,1300,1272
35015,JACOBS LADDER SMALL,39,2072,6,6,128,6
35071,ASSORTED SANTA CHRISTMAS DECORATION,7,50,85,85,517,85
35085E,IVORY ROSE LAMPSHADE,9,39,125,50,125,125
35095A,BLUE VICTORIAN FABRIC OVAL BOX,169,1813,42,29,86,83
35095B,RED VICTORIAN FABRIC OVAL BOX,183,1964,42,29,86,42
35096A,BLUE VICTORIAN FABRIC HEART BOX,51,777,42,29,86,84
35096B,RED VICTORIAN FABRIC HEART BOX,27,295,42,29,86,42
35160,BUDDHA INCENSE HOLDER ASSORTED,56,2180,85,67,85,85
35233,PASTA ENAMEL/BRASS CONTAINER,10,12,375,375,375,375
35240,ENAMEL BLUE RIM OVAL TRAY SET/2,39,49,849,849,849,849
35241,ENAMEL BLUE RIM BISCUIT BIN,133,312,495,413,1017,495
35265,COLOURFUL FLOWER FRUIT BOWL,17,22,195,100,695,195
35271S,GOLD PRINT PAPER BAG,22,439,19,19,84,19
35400,WOODEN BOX ADVENT CALENDAR,428,1443,895,400,1735,895
35443,RASTA IN BATH W SPLIFF ASHTRAY,10,16,85,85,85,85
35471A,SET OF 3 BIRD L.BLUE FEATHER,85,421,125,65,257,125
35471D,SET OF 3 BIRD LIGHT PINK FEATHER,368,2278,125,39,257,125
35591T,TURQUOISE CHRISTMAS TREE,11,20,125,125,125,125
35594,WOODEN CHRISTMAS TREE 3 HANGING,40,171,42,42,170,42
35597A,DUSTY PINK CHRISTMAS TREE 30CM,5,11,125,125,125,125
35597B,BLACKCHRISTMAS TREE 30CM,8,79,125,125,336,125
35597D,PINK/WHITE CHRISTMAS TREE 30CM,8,58,65,38,65,65
35598B,BLACK CHRISTMAS TREE 60CM,64,961,295,65,691,295
35598D,PINK/WHITE CHRISTMAS TREE 60CM,112,1764,65,65,257,246
35599B,BLACK CHRISTMAS TREE 120CM,55,276,195,195,1735,591
35599D,PINK AND WHITE CHRISTMAS TREE 120CM,106,409,591,195,604,591
35600D,PINK AND WHITE CHRISTMAS TREE 180CM,13,141,295,295,2170,295
35603C,SET/16 WHITE SHINY & MATT BAUBLES,25,83,42,42,210,42
35607A,PINK FLUFFY CHRISTMAS DECORATION,32,556,19,19,166,19
35607B,BLACK FEATHER CHRISTMAS DECORATION,17,312,19,19,170,19
35609A,PINK FEATHER CHRISTMAS DECORATION,24,447,19,19,257,19
35610A,PINK CHRISTMAS FLOCK DROPLET,13,144,125,42,257,125
35610B,BLACK CHRISTMAS FLOCK DROPLET,14,179,125,42,125,125
35610C,WHITE CHRISTMAS FLOCK DROPLET,8,94,125,42,257,125
35633B,BLUE TINSEL GARLAND,12,130,19,19,19,19
35637A,IVORY STRING CURTAIN WITH POLE,54,552,195,195,1953,595
35637C,PINK STRING CURTAIN WITH POLE,19,100,595,195,1953,595
35638A,PINK AND BLACK STRING CURTAIN,6,39,595,195,595,395
35638B,PINK/BLUE STRING CURTAIN,11,118,195,195,1996,595
35644,PAIR PINK/BLACK COATHANGERS,9,25,195,195,195,195
35645,VINTAGE BEAD PINK JEWEL BOX,34,61,425,425,865,425
35646,VINTAGE BEAD PINK EVENING BAG,108,647,125,125,847,246
35647,VINTAGE BEAD PINK SHADE,75,563,125,50,257,125
35648,VINTAGE BEAD PINK PURSE,150,1057,163,83,604,163
35649,VINTAGE BEAD COSMETIC BAG,54,1826,246,60,691,246
35651,VINTAGE BEAD PINK SCARF,65,460,165,165,1613,165
35653,VINTAGE BEAD NOTEBOOK,118,320,295,246,604,295
35654,VINTAGE BEAD FILLED PINK CUSHION,5,12,495,495,495,495
35793,S/3 PUPPIES CHRISTMAS DECORATIONS,16,108,604,85,604,295
35809A,ENAMEL PINK TEA CONTAINER,180,1139,210,83,430,210
35809B,ENAMEL BLUE RIM TEA CONTAINER,33,104,210,83,421,210
35809a,ENAMEL PINK TEA CONTAINER,11,11,413,413,421,413
35810A,ENAMEL PINK COFFEE CONTAINER,173,1206,210,83,430,210
35810B,ENAMEL BLUE RIM COFFEE CONTAINER,69,326,210,83,421,210
35811A,ENAMEL PINK SUGAR CONTAINER,84,434,210,85,430,210
35815P,"ACRYLIC JEWEL SNOWFLAKE, PINK",7,168,38,38,210,38
35816P,"ACRYLIC JEWEL ANGEL,PINK",9,297,38,38,251,125
35817P,"ACRYLIC JEWEL SNOWFLAKE,PINK",11,420,38,38,506,38
35818B,"ACRYLIC JEWEL ICICLE, BLUE",11,408,38,38,336,38
35818P,"ACRYLIC JEWEL ICICLE, PINK",27,563,38,38,336,38
35819B,"ACRYLIC HANGING JEWEL,BLUE",37,387,38,38,257,38
35819P,"ACRYLIC HANGING JEWEL,PINK",7,95,38,38,125,38
35824B,"HANGING FLOWERS+MIRROR,BLUE",6,528,38,38,298,38
35824C,"HANGING FLOWERS+MIRROR,CLEAR",8,235,149,38,149,93
35832,WOOLLY HAT SOCK GLOVE ADVENT STRING,192,1739,295,255,1300,295
35833G,4 GOLD FLOCK CHRISTMAS BALLS,35,136,125,125,395,125
35833P,4 PINK FLOCK CHRISTMAS BALLS,69,190,125,125,778,125
35838A,S/6 MULTICOLOUR ORNAMENETAL CANDLE,21,181,85,85,695,85
35838B,S/6 SILVER ORNAMENETAL CANDLE,25,100,85,85,85,85
35840,FLAT GLASS  BAUBLE WHITE FLOCK,11,45,691,85,691,255
35909A,RABBIT EASTER DECORATION,5,20,295,295,295,295
35909B,PINK FLOWERS RABBIT EASTER,7,16,295,295,295,295
35910A,MULTICOLOUR EASTER RABBIT,13,53,195,195,195,195
35910B,PINK FLOWERS RABBIT EASTER,8,29,195,195,421,195
35911A,MULTICOLOUR RABBIT EGG WARMER,98,389,83,83,430,85
35911B,PINK/FLOWER RABBIT EGG WARMER,24,159,210,43,210,210
35912B,WHITE/PINK CHICK DECORATION,31,290,125,106,591,125
35913B,WHITE/PINK CHICK EASTER DECORATION,27,104,85,85,336,85
35914,PINK CHICK EGG WARMER + EGG CUP,60,246,83,83,430,85
35915B,BLUE KNITTED HEN,70,565,83,83,165,83
35915C,PEACH KNITTED HEN,82,662,83,83,343,83
35916A,YELLOW FELT HANGING HEART W FLOWER,46,135,63,63,170,85
35916B,BLUE FELT HANGING HEART W FLOWER,47,133,63,63,170,63
35916C,PINK FELT HANGING HEART W FLOWER,44,159,166,63,170,164
35918B,BLUE FLORIBUNDA EGG WARMER,5,10,125,125,125,125
35920,FOUR RABBIT EASTER DECORATIONS,24,1070,125,15,496,125
35921,EASTER BUNNY HANGING GARLAND,50,183,125,125,506,125
35922,EASTER BUNNY WREATH,36,97,495,425,1039,495
35923,CANDY HEART HANGING DECORATION,114,1546,39,39,257,125
35924,HANGING FAIRY CAKE DECORATION,198,2171,210,163,430,210
35931,PINK STAR CHRISTMAS DECORATION,15,156,38,38,195,38
35932,PINK CHRISTMAS TREE DECORATION,10,37,38,38,195,38
35933,PINK STOCKING CHRISTMAS DECORATION,28,319,38,38,421,38
35936,CERISE+GOLD CHRISTMAS TREE DEC,9,36,38,38,38,38
35937,CERISE+GOLD CHRISTMAS STOCKING DEC,17,188,38,38,38,38
35951,FOLKART BAUBLE CHRISTMAS DECORATION,46,1352,38,38,865,81
35953,FOLKART STAR CHRISTMAS DECORATIONS,171,3930,39,39,865,61
35954,SMALL FOLKART STAR CHRISTMAS DEC,127,2387,42,19,343,42
35955,SMALL FOLKART CHRISTMAS TREE DEC,5,135,42,19,42,42
35957,SMALLFOLKART BAUBLE CHRISTMAS DEC,169,3787,166,19,343,166
35958,FOLKART ZINC STAR CHRISTMAS DEC,88,1145,85,85,170,85
35961,FOLKART ZINC HEART CHRISTMAS DEC,668,11563,85,72,170,85
35962,12 ASS ZINC CHRISTMAS DECORATIONS,97,593,210,210,430,210
35963,FOLKART ZINC CLIP ON ANGEL WINGS,16,104,38,38,38,38
35964,FOLKART CLIP ON STARS,138,1192,83,39,430,83
35965,FOLKART HEART NAPKIN RINGS,183,645,295,55,604,329
35966,FOLKART CHRISTMAS TREE T-LIGHT HOLD,26,255,38,38,170,38
35967,FOLK ART METAL STAR T-LIGHT HOLDER,117,966,38,38,170,83
35968,FOLK ART METAL HEART T-LIGHT HOLDER,78,785,38,20,170,38
35969,FOLKART CROWN TABLE DECORATIONS,78,525,165,38,343,165
35970,ZINC FOLKART SLEIGH BELLS,722,8447,169,149,833,169
35971,ROSE FOLKART HEART DECORATIONS,234,2003,125,42,257,125
35972,DAISY FOLKART HEART DECORATION,88,440,125,125,257,125
35973,GERANIUM FOLKART HEART DECORATION,18,51,125,125,125,125
35979,SIX STRING SCANDINAVIAN HEART DECS,28,94,295,295,604,295
35980C,REDWHITE STRIPE SCANDINAVIAN HEART,32,384,38,38,257,38
35981C,WHITE SNOW SCANDINAVIAN STOCKING,73,590,38,38,257,38
35991,SET/6 BLACK SNOWFLAKE T-LIGHTS,57,403,42,42,343,42
35995,SET/6 BLACK GLITTER REINDEER CANDLE,5,5,42,42,210,42
37112,YELLOW BIRDS FELT DES FOODCOVER,6,10,375,375,375,375
37327,ASSTD MULTICOLOUR CIRCLES MUG,93,1746,39,39,1613,42
37330,SPOTS MUG,28,517,195,39,430,195
37333,"RETRO ""TEA FOR ONE""",61,148,495,195,1126,495
37340,MULTICOLOUR SPRING FLOWER MUG,212,13680,39,10,865,85
37342,SPOTTY COFFEE CUP & SAUCER,132,1629,79,79,604,246
37343,SPOTS DESIGN MUG W PINK INSIDE,108,1129,165,39,343,165
37345,ASSTD HEARTS DESIGN MUGS,9,321,195,165,865,195
37348,SET OF 4 PASTEL STACKING MUGS,7,14,255,255,255,255
37351,ORANGE FLOWER MUG,11,5404,125,10,1126,125
37352,BIRD IN TREE MUG,8,4643,125,10,125,125
37370,RETRO COFFEE MUGS ASSORTED,561,7504,125,106,1648,125
37379A,PINK CHERRY BLOSSOM CUP & SAUCER,16,41,1102,125,1126,1102
37399,"ASS RETROSPOOF MUGS,SPORTS",6,143,125,42,125,125
37410,BLACK AND WHITE PAISLEY FLOWER MUG,33,25707,125,10,1648,125
37413,ICON MUG REVOLUTIONARY,83,703,39,39,125,39
37422,WHITE WITH BLACK CATS BOWL,73,434,166,20,170,166
37423,WHITE WITH BLACK CATS PLATE,70,6168,166,10,170,166
37424,WHITE WITH BLACK CATS MUG,110,5251,166,13,170,166
37441,ASSORTED WHITE EMBOSSED CHINA MUGS,55,706,210,185,1300,210
37444A,YELLOW BREAKFAST CUP AND SAUCER,49,2716,295,13,604,295
37444B,BLUE BREAKFAST CUP AND SAUCER,29,2012,295,13,604,295
37444C,PINK BREAKFAST CUP AND SAUCER,59,1659,591,13,604,591
37446,MINI CAKE STAND WITH HANGING CAKES,435,3813,145,125,343,145
37447,CERAMIC CAKE DESIGN SPOTTED PLATE,374,2934,149,88,343,149
37448,CERAMIC CAKE DESIGN SPOTTED MUG,567,4640,149,125,343,149
37449,CERAMIC CAKE STAND + HANGING CAKES,494,2418,995,679,2170,995
37450,CERAMIC CAKE BOWL + HANGING CAKES,412,2475,295,255,604,295
37461,FUNKY MONKEY MUG,97,743,125,85,257,125
37462B,"PET MUG, BUDGIE",32,170,84,42,86,84
37462E,"PET MUG, GOLDFISH",30,110,84,19,84,83
37464,ROBOT MUG IN DISPLAY BOX,84,317,125,106,257,125
37467,PIG MUG IN TWO COLOUR DESIGNS,66,275,421,39,430,421
37468,HARDMAN MUG 3 ASSORTED,15,66,39,39,778,39
37471,MULTICOLOUR DOTS PLATE,10,1405,677,10,691,374
37474,SET/4 2 TONE EGG SHAPE MIXING BOWLS,47,65,995,849,2038,995
37475,SET/4 COLOURFUL MIXING BOWLS,73,117,995,829,2083,995
37476,CONDIMENT TRAY 4 BOWLS AND 4 SPOONS,81,212,995,829,1909,995
37477B,"FLOWER FAIRY MUG+COASTER,LAVENDER",14,16,375,375,375,375
37479B,CUBIC MUG FLOCK BLUE ON BROWN,34,1256,39,39,1735,170
37479P,CUBIC MUG FLOCK PINK ON BROWN,38,184,39,39,1698,39
37482B,CUBIC MUG BLUE POLKA DOT,9,1251,255,85,1698,255
37482P,CUBIC MUG PINK POLKA DOT,87,680,255,39,1735,255
37483,ENGLISH ROSE MUG IN GIFT BOX,13,144,255,147,255,255
37485,ENGLISH ROSE TEA SET IN GIFT BOX,16,49,465,381,465,465
37488A,YELLOW PINK FLOWER DESIGN BIG BOWL,5,31,39,39,295,39
37489A,YELLOW/PINK FLOWER DESIGN BIG MUG,26,48,39,39,421,39
37489B,BLUE/YELLOW FLOWER DESIGN BIG MUG,18,39,39,39,195,39
37489C,GREEN/BLUE FLOWER DESIGN BIG MUG,14,29,195,39,430,195
37489D,PINK/GREEN FLOWER DESIGN BIG MUG,22,47,39,39,195,39
37491A,YELLOW/PINK CERAMIC CANDLE HOLDER,14,19,336,165,343,329
37491B,BLUE/YELLOW CERAMIC CANDLE HOLDER,8,14,165,165,343,165
37491C,GREEN/BLUE CERAMIC CANDLE HOLDER,11,59,165,165,336,165
37491D,PURPLE/BLUE CERAMIC CANDLE HOLDER,13,26,336,165,336,336
37492A,YELLOW RED FLOWER PIGGY BANK,11,108,465,165,952,465
37492B,BLUE YELLOW FLOWER PIGGY BANK,44,489,465,165,952,465
37492C,GREEN BLUE FLOWER PIGGY BANK,25,242,465,165,465,465
37492D,PURPLE GREEN FLOWER PIGGY BANK,26,361,465,165,932,465
37494A,FAIRY CAKE CERAMIC BUTTER DISH,52,238,295,255,604,443
37495,FAIRY CAKE BIRTHDAY CANDLE SET,337,1581,375,295,778,375
37500,TEA TIME TEAPOT IN GIFT BOX,268,887,995,495,2170,995
37501,TEA TIME TEA SET IN GIFT BOX,183,490,695,579,1474,695
37502,TEA TIME MUG IN GIFT BOX,176,872,295,255,604,295
37503,TEA TIME CAKE STAND IN GIFT BOX,526,2469,1075,746,2170,1075
37506,NEW ENGLAND MILK JUG W GIFT BOX,27,34,595,595,595,595
37508,NEW ENGLAND CERAMIC CAKE SERVER,48,92,255,255,517,255
37509,NEW ENGLAND MUG W GIFT BOX,17,31,255,255,255,255
40001,WHITE BAMBOO RIBS LAMPSHADE,125,2492,85,64,170,85
40003,WHITE BAMBOO RIBS LAMPSHADE,61,1151,125,95,343,125
40005B,BLUE ORGANDY ROUND LAMPSHADE W BEA,15,35,85,85,85,85
40016,CHINESE DRAGON PAPER LANTERNS,252,15694,42,25,865,42
40018E,TEA TIME PAPER LANTERNS,83,386,195,169,430,195
40018F,CHERRY DESIGN PAPERLANTERNS,120,1093,195,169,430,195
40046A,RED DAISY PAPER LAMPSHADE,62,355,125,106,257,125
44089A,PINK GAUZE BUTTERFLY LAMPSHADE,13,40,42,42,42,42
44089C,LILAC GAUZE BUTTERFLY LAMPSHADE,18,68,42,42,42,42
44091A,BLUE CRUSOE CHECK LAMPSHADE,7,20,42,42,42,42
44091C,MULTICOLOUR CRUSOE CHECK LAMPSHADE,17,61,42,42,84,42
44092B,BLUE WHITE PLASTIC RINGS LAMPSHADE,6,15,85,85,85,85
44092C,PURPLE/COPPER HANGING LAMPSHADE,12,25,85,85,85,85
44230,SQUARE MIRROR CURTAIN,53,347,795,636,1996,795
44234,ASSORTED CIRCULAR MOBILE,70,1246,21,18,166,21
44235,ASS COL CIRCLE MOBILE,28,824,42,36,42,42
44236,PINK/PURPLE CIRCLE CURTAIN,13,64,465,79,465,465
44241C,BLUE BUTTERFLY ON SPRING,8,70,85,85,85,85
44242B,PINK FEATHERS CURTAIN,9,109,125,79,125,125
45008C,DECORATIVE NET CANOPY CREAM,34,83,895,375,1822,895
45013,FOLDING SHOE TIDY,8,48,295,255,295,295
45016,DECORATIVE NET CANOPY LEOPARD,26,101,762,250,778,762
46000M,POLYESTER FILLER PAD 45x45cm,358,2537,155,155,155,155
46000P,POLYESTER FILLER PAD 65CMx65CM,50,215,425,425,425,425
46000R,POLYESTER FILLER PAD 45x30cm,64,249,145,145,145,145
46000S,POLYESTER FILLER PAD 40x40cm,383,3486,145,145,145,145
46000U,POLYESTER FILLER PAD 30CMx30CM,51,251,125,125,125,125
46115B,GREEN POP ART MAO CUSHION COVER,23,292,19,19,19,19
46118,FUNKY MONKEY CUSHION COVER,74,374,85,85,865,329
46126A,ELVIS WALLHANGING / CURTAIN,48,317,125,125,251,125
46138B,BLUE CHENILLE SHAGGY CUSHION COVER,25,71,85,85,691,195
46307,ROSES BLUE BASE CUSHION COVER,34,53,591,165,591,591
46775A,BUBBLE GUM CHUNKY KNITTED THROW,32,83,1102,1102,3474,1102
46775D,SUNSET COLOUR CHUNKY KNITTED THROW,96,154,1102,829,3474,1102
46775E,CANDY POP CHUNKY KNITTED THROW,51,101,1102,1102,3474,1102
46776A,WOVEN BUBBLE GUM CUSHION COVER,122,408,413,125,1300,413
46776B,WOVEN BERRIES CUSHION COVER,156,432,413,125,1300,421
46776C,WOVEN FROST CUSHION COVER,99,260,413,125,1300,421
46776D,WOVEN SUNSET CUSHION COVER,76,153,413,413,495,421
46776E,WOVEN CANDY CUSHION COVER,79,207,421,125,495,421
46776F,WOVEN ROSE GARDEN CUSHION COVER,157,487,413,125,495,413
47013A,WINE BOTTLE DRESSING LT.BLUE,25,141,29,12,29,29
47013C,WINE BOTTLE DRESSING DARK BLUE,28,147,29,12,83,29
47016,LIGHT DECORATION BATTERY OPERATED,5,31,210,210,210,210
47021G,SET/6 BEAD COASTERS GAUZE BAG GOLD,73,716,125,39,517,125
47310M,"SMALL POP BOX,FUNKY MONKEY",174,747,125,105,343,163
47341A,FUSCHIA TABLE RUN FLOWER,7,29,125,125,375,125
47341B,BLUE TABLE RUN FLOWER,14,48,125,125,375,125
47343A,FUSCHIA FLOWER PURSE WITH BEADS,28,209,149,83,149,149
47344B,BLUE FLOWER DES PURSE,10,54,125,83,125,125
47347B,BLUE FLOWER T-LIGHT HOLDER,11,240,125,38,257,125
47348A,FUSCHIA VOILE POINTY SHOE DEC,17,104,39,39,195,39
47351B,BLUE  VOILE LAMPSHADE,14,98,295,255,295,295
47367B,PAIR PADDED HANGERS PINK CHECK,99,246,375,295,778,336
47369A,PINK GREEN EMBROIDERY COSMETIC BAG,28,52,295,163,591,295
47369B,BLUE GREEN EMBROIDERY COSMETIC BAG,33,58,295,163,579,295
47420,ASSORTED COLOUR SUCTION CUP HOOK,40,373,19,19,19,19
47421,ASSORTED COLOUR LIZARD SUCTION HOOK,88,1497,42,36,42,42
47422,ASSORTED MONKEY SUCTION CUP HOOK,85,1218,42,36,42,42
47469,ASSORTED SHAPES PHOTO CLIP SILVER,40,1225,65,42,65,65
47471,RAINBOW PEGS PHOTO CLIP STRING,70,435,65,53,152,65
47480,HANGING PHOTO CLIP ROPE LADDER,154,1737,165,145,343,165
47481,50CM METAL STRING WITH  7 CLIPS,46,328,85,68,217,85
47502,POLKADOT CUTLERY 24 PCS IN TRAY,79,640,1275,995,2604,1275
47503A,ASS FLORAL PRINT MULTI SCREWDRIVER,203,2878,42,42,257,42
47503E,ASS FLORAL PRINT SCISSORS,25,6842,125,15,125,125
47503F,ASS FLORAL PRINT TORCH,12,2571,165,25,165,165
47503G,ASS FLORAL PRINT TAPE MEASURE,36,284,125,106,257,125
47503H,ASS FLORAL PRINT SPIRIT LEVEL,67,164,195,79,430,195
47503J,SET/3 FLORAL GARDEN TOOLS IN BAG,78,348,795,395,1648,795
47503K,ASSORTED FLORAL SECATEURS,45,3179,195,30,430,195
47504E,ENGLISH ROSE SCISSORS,48,4387,125,15,430,125
47504F,ENGLISH ROSE TORCH,15,528,165,25,336,165
47504G,ENGLISH ROSE TAPE MEASURE,58,267,125,106,517,125
47504H,ENGLISH ROSE SPIRIT LEVEL,143,1031,79,79,778,195
47504K,ENGLISH ROSE GARDEN SECATEURS,324,2673,195,79,865,195
47505,MINATURE COLOURED GARDENING SET,181,738,495,200,1126,495
47518F,ICON PLACEMAT POP ART ELVIS,34,903,12,12,421,12
47518f,ICON PLACEMAT POP ART ELVIS,9,9,413,413,430,421
47552A,DOTS IRONING BOARD COVER,12,13,195,195,195,195
47556B,TEA TIME TEA TOWELS,453,5202,295,210,604,295
47559B,TEA TIME OVEN GLOVE,738,5232,125,106,251,125
47559b,TEA TIME OVEN GLOVE,46,171,336,251,336,336
47562,ENGLISH ROSE IRONING BOARD COVER,42,104,375,375,375,375
47563A,RETRO LONGBOARD IRONING BOARD COVER,155,347,329,125,746,329
47563B,WAVELINE SURF IRONING BOARD COVER,6,8,375,375,375,375
47566,PARTY BUNTING,2740,28378,495,230,1579,495
47566B,TEA TIME PARTY BUNTING,784,5838,465,375,1079,465
47566b,TEA TIME PARTY BUNTING,116,217,829,829,847,829
47567B,TEA TIME KITCHEN APRON,375,2199,595,465,1272,595
47568,ENGLISH ROSE DESIGN PEG BAG,416,2389,210,169,430,210
47570,ENGLISH ROSE TABLE CLOTH,79,220,1065,849,2170,1065
47570B,TEA TIME TABLE CLOTH,231,979,1065,845,2170,1065
47570b,TEA TIME TABLE CLOTH,9,9,2123,2079,2123,2123
47574A,ENGLISH ROSE SCENTED HANGING FLOWER,133,578,246,75,865,246
47574B,ENGLISH ROSE SCENTED HANGING HEART,29,50,425,425,425,425
47578A,ENGLISH ROSE SMALL SCENTED FLOWER,81,324,85,85,170,85
47579,TEA TIME BREAKFAST BASKET,57,186,210,210,430,210
47580,TEA TIME DES TEA COSY,363,1697,255,210,591,255
47581B,FAIRY CAKE WICKER PICNIC BASKET,37,47,1275,1275,2604,1275
47583A,SET OF 3 WICKER BASKET ROSE,6,71,2495,700,5102,2495
47583B,SET OF 3 WICKER BASKET TEA AND CAKE,6,27,2495,700,2495,2495
47585A,PINK FAIRY CAKE CUSHION COVER,150,1086,375,125,1039,375
47586A,PINK FAIRY CAKE CUSHION COVER,32,204,255,85,778,255
47587A,PINK FAIRY CAKE COASTER,26,2706,166,10,170,166
47589,CONGRATULATIONS BUNTING,79,185,545,545,1126,545
47590A,BLUE HAPPY BIRTHDAY BUNTING,700,4829,545,320,1126,545
47590B,PINK HAPPY BIRTHDAY BUNTING,894,5778,545,419,1102,545
47590b,PINK HAPPY BIRTHDAY BUNTING,10,13,1079,1079,1102,1079
47591A,CAROUSEL DES CHILD'S APRON,70,163,165,165,166,165
47591B,SCOTTIES DES CHILD'S APRON,297,1114,165,133,430,165
47591C,BLUE FAIRY CAKE CHILD'S APRON,159,1051,195,165,430,195
47591D,PINK FAIRY CAKE CHILD'S APRON,1178,9520,195,119,430,195
47591d,PINK FAIRY CAKE CHILDRENS APRON,74,290,496,496,506,496
47592A,CAROUSEL DES CHILD'S OVERALL,101,331,166,166,421,166
47592B,SCOTTIES DESIGN CHILD'S OVERALL,29,67,210,166,210,210
47593A,CAROUSEL DESIGN BABY BIB,99,303,85,29,125,85
47593B,SCOTTIES DESIGN BABY BIB,370,2367,83,39,257,83
47594A,CAROUSEL DESIGN WASHBAG,107,346,195,163,430,195
47594B,SCOTTIES DESIGN WASHBAG,124,410,195,163,430,195
47597,NEW ENGLAND TEATOWELS,126,322,166,166,255,166
47598,NEW ENGLAND EGG WARMER,32,138,55,55,130,55
47599A,PINK PARTY BAGS,381,6046,210,152,430,210
47599B,BLUE PARTY BAGS,295,3568,210,152,421,210
48103,DOOR MAT KISS MY.......,10,35,749,458,749,749
48111,DOOR MAT 3 SMILEY CATS,749,4309,795,400,1579,795
48116,DOOR MAT MULTICOLOUR STRIPE,503,3461,749,400,1579,749
48129,DOOR MAT TOPIARY,558,3150,795,400,1579,795
48138,DOOR MAT UNION FLAG,1701,10175,749,400,1698,749
48173C,DOOR MAT BLACK FLOCK,515,4104,795,400,1579,795
48173c,DOOR MAT BLACK FLOCK,39,78,1698,1357,1698,1698
48179,DOOR MAT SWEET HOME,11,34,675,400,1387,675
48184,DOOR MAT ENGLISH ROSE,868,4777,795,458,1579,795
48185,DOOR MAT FAIRY CAKE,1010,6862,795,400,1698,795
48187,DOOR MAT NEW ENGLAND,1313,7425,795,400,1698,795
48188,DOOR MAT WELCOME PUPPIES,707,4892,795,400,1698,795
48189,DOOR MAT FRIENDSHIP,276,1323,749,458,1698,749
48194,DOORMAT HEARTS,1382,7847,795,400,1579,795
48195,DOOR MAT GREEN PAISLEY,88,271,749,400,1443,749
48197,DOOR MAT BIRD ON THE WIRE,225,898,749,400,1443,749
51008,AFGHAN SLIPPER SOCK PAIR,84,2865,345,295,345,345
51012C,"FEATHER DUSTER, COAL BLACK",28,171,125,125,125,125
51012L,"FEATHER DUSTER, LIGHT PINK",6,10,125,125,125,125
51014A,"FEATHER PEN,HOT PINK",385,6748,85,20,170,83
51014C,"FEATHER PEN,COAL BLACK",275,4390,85,39,170,85
51014L,"FEATHER PEN,LIGHT PINK",231,3493,85,20,170,83
51020A,SUMMER FUN DESIGN SHOWER CAP,52,1305,125,29,125,125
51020B,STRIPY DESIGN SHOWER CAP,62,1087,125,29,125,125
62018,SOMBRERO,130,9570,195,125,195,195
62043B,BLUE CHECK BAG W HANDLE 34X20CM,10,54,165,83,165,124
62074B,ELEPHANT CLIP W SUCTION CUP,13,38,42,42,42,42
62086A,PINK RETRO BIG FLOWER BAG,24,113,195,195,195,195
62094B,TURQ ICE CREAM BUM BAG,68,306,506,85,506,506
62095B,TURQOISE ICE CREAM SUNHAT,21,292,169,85,336,169
62096A,PINK/YELLOW FLOWERS HANDBAG,93,395,125,125,847,125
62096B,PURPLE/TURQ FLOWERS HANDBAG,83,257,125,125,865,195
70006,LOVE HEART POCKET WARMER,315,4482,165,42,343,165
70007,HI TEC ALPINE HAND WARMER,234,1373,165,42,343,165
71028B,SILVER BLUE EGG T-LIGHT HOLDER,13,494,38,38,343,165
71038,WHITE HANGING BEADS CANDLE HOLDER,150,729,545,465,545,545
71050,SMALL SINGLE FLAME CANDLE HOLDER,8,51,35,35,35,35
71053,WHITE METAL LANTERN,789,4993,375,339,865,375
71101E,STANDING FAIRY POLE SUPPORT,49,779,85,72,85,85
71143,SILVER BOOK MARK WITH BEADS,103,356,251,83,257,251
71215,METAL BASE FOR CANDLES,13,178,42,29,42,42
71270,PHOTO CLIP LINE,88,378,125,125,257,125
71279,PINK GLASS CANDLEHOLDER,85,304,295,255,604,295
71403,"PINK/WHITE ""KEEP CLEAN"" BULLET BIN",72,179,295,295,604,579
71406C,BLACK ORANGE SQUEEZER,37,223,42,42,86,42
71459,HANGING JAM JAR T-LIGHT HOLDER,1035,33577,85,72,691,85
71477,COLOUR GLASS. STAR T-LIGHT HOLDER,860,15727,325,275,691,325
71495A,CD WALL TIDY BLUE OFFICE,20,225,42,36,84,83
71495B,CD WALL TIDY RED FLOWERS,19,306,42,36,84,42
71496A,A4 WALL TIDY BLUE OFFICE,20,260,149,53,149,146
71496B,A4 WALL TIDY RED FLOWERS,6,15,65,53,65,59
71510,SQUARE METAL CANDLEHOLDER BASE,17,177,85,53,85,85
72008,FROSTED BOX 9 WHITE T-LIGHT CANDLES,221,3820,42,36,86,42
72023F,RED ORGANIC CANDLE IN GLASS,51,640,125,85,251,125
72024U,LILAC VOTIVE CANDLE,11,220,21,21,21,21
72038P,PRICE'S CANDLE PEACH,9,1050,21,8,21,21
72045D,ROSES ON BLUE TEACUP CANDLE,6,539,169,169,430,295
72051S,BAG OF SILVER STONES,59,307,84,42,86,83
72083A,STRAWBERY SWIRL FLARE CANDLE,7,24,210,210,210,210
72122,COFFEE SCENT PILLAR CANDLE,126,588,95,95,191,95
72127,COLUMBIAN CANDLE ROUND,73,396,125,106,251,125
72128,COLUMBIAN CANDLE ROUND,98,730,85,38,170,85
72129,COLUMBIAN CANDLE ROUND,19,75,65,65,166,65
72130,COLUMBIAN CANDLE ROUND,64,814,65,19,166,65
72131,COLUMBIAN CANDLE RECTANGLE,63,763,195,38,195,195
72132,COLUMBIAN CUBE CANDLE,31,562,195,38,195,195
72133,COLUMBIAN CANDLE RECTANGLE,35,116,125,38,246,125
72134,COLUMBIAN  CUBE CANDLE,31,340,85,19,166,85
72140E,BEST DAD CANDLE LETTERS,30,219,85,64,170,85
72140F,HAPPY ANNIVERSARY CANDLE LETTERS,15,175,42,36,42,42
72225C,LAVENDER SCENT CAKE CANDLE,38,1926,29,21,29,29
72225D,VANILLA SCENT CAKE CANDLE,11,962,29,21,29,29
72232,FENG SHUI PILLAR CANDLE,126,6402,19,19,19,19
72267,PREMIUM CHURCH CANDLE,48,273,210,169,430,210
72349B,SET/6 PURPLE BUTTERFLY T-LIGHTS,300,2025,210,169,430,210
72349b,SET/6 PURPLE BUTTERFLY T-LIGHTS,121,218,413,413,430,413
72351A,SET/6 TURQUOISE BUTTERFLY T-LIGHTS,413,3762,210,169,430,210
72351B,SET/6 PINK  BUTTERFLY T-LIGHTS,519,5821,210,169,430,210
72351a,SET/6 TURQUOISE BUTTERFLY T-LIGHTS,30,40,421,413,421,421
72369A,PINK CLEAR GLASS CANDLE PLATE,15,67,125,125,251,125
72484,ROSES IN WHITE HEART CANDLE,66,1818,125,38,257,125
72487,ROSES WHITE ROUND CANDLE,14,827,149,38,343,149
72529W,WHITE ADVENT CANDLE,47,464,212,169,430,212
72586,"S/6 HALLOWEEN GHOST T LIGHTS, 5CM H",188,2309,42,42,85,42
72598,SET/12 TAPER CANDLES,169,1270,85,64,170,85
72606A,BROWN ANTIQUE CUBE CANDLE,18,226,42,42,42,42
72708,SCULPTED ROUND IVORY CANDLE,5,44,21,21,21,21
72709,IVORY SCULPTED RND CANDLE,15,92,85,85,85,85
72715,SPHERICAL IVORY CANDLE,13,88,42,42,42,42
72724,SET/6 CHRISTMAS ICICLE T-LIGHTS,11,36,125,125,125,125
72728,ROSE SCENT CANDLES IN GLASS,55,643,85,72,85,85
72739B,WHITE CHOCOLATE SCENT CANDLE,28,394,257,30,257,251
72739C,DARK CHOCOLATE SCENTCANDLE,23,326,257,30,257,125
72740A,LARGE STRAWBERRY CHOCOLATE CANDLE,12,65,517,125,517,517
72741,GRAND CHOCOLATECANDLE,954,20178,145,125,865,145
72750A,"F.FAIRY S/3 CANDLE/GLASS,LILY/VALLY",16,383,195,195,595,195
72750B,"F.FAIRY S/3 CANDLE/GLASS,LAVENDER",39,496,195,195,595,195
72750C,"F.FAIRY S/3 CANDLE/GLASS, ROSE",15,232,195,195,595,195
72750D,F.FAIRY S/3 CANDLE/GLASS,11,110,195,195,595,195
72753A,S/3 FLWR FAIRY LILLY CANDLES,14,315,210,210,795,210
72753B,S/3 FLWR FAIRY LAVENDER CANDLES,14,445,210,210,795,210
72753C,S/3 FLWR FAIRY ROSE CANDLES,6,43,210,210,795,210
72753D,S/3 FLWR FAIRY SUMMER CANDLES,9,144,210,210,210,210
72754A,FLOWER FAIRY POTPOURRI CUSHION LILY,5,292,65,65,169,65
72754B,F FAIRY POTPOURRI CUSHIONS LAVENDER,8,170,169,65,169,117
72755C,FLOWER FAIRY OIL BURNER SET ROSE,14,592,125,125,425,125
72755D,FLOWER FAIRY OIL BURNER SET SUMMER,13,533,125,125,425,125
72756,FAIRY CAKE CANDLES,130,4021,149,125,149,149
72760B,VINTAGE CREAM 3 BASKET CAKE STAND,512,1739,995,849,2170,995
72771B,BURG FLOCK GOLD CUP/CANDLE,10,129,42,42,430,42
72771C,BLACK FLOCK GOLD CANDLE,6,54,42,42,430,42
72772,SET/4 SCENTED CANDLES IN RAMEKINS,9,457,125,125,778,125
72779,SET/6 BLACK ROSE T-LIGHT CANDLES,16,49,169,169,169,169
72780,BLACK SILOUETTE CANDLE PLATE,44,514,85,72,85,85
72781,BLACK SILOUETTE CANDLE PLATE,15,121,210,169,210,210
72783,BLACK SIL'T SQU CANDLE PLATE,9,43,210,210,210,210
72789,BASKET/8 SCENTED LOVE TOKEN CANDLES,46,122,375,375,778,375
72793,BLACK BOX MIRROR LANTERN,10,55,595,465,595,595
72796A,S/3 ENGLISH LAVENDER SQU CANDLE,6,11,165,165,165,165
72796B,S/3 FRENCH VANILLA SQU CANDLE,13,27,165,165,165,165
72798C,SET/4 GARDEN ROSE DINNER CANDLE,16,29,165,165,343,165
72799A,BLACK PILLAR CANDLE SILVER FLOCK,18,612,295,125,295,295
72799B,PURPLE PILLAR CANDLE BLACK FLOCK,16,322,604,125,604,295
72799C,PINK PILLAR CANDLE SILVER FLOCK,48,471,295,79,604,295
72799D,BLUE PILLAR CANDLE SILVER FLOCK,19,78,295,255,604,295
72799E,IVORY PILLAR CANDLE SILVER FLOCK,192,1265,295,79,604,295
72799F,IVORY PILLAR CANDLE GOLD FLOCK,113,1136,295,125,604,295
72800A,S/4 BLACK DINNER CANDLE SILVER FLOC,49,677,255,79,517,255
72800B,S/4 PURPLE DINNER CANDLE BLK FLOCK,99,1002,255,79,517,255
72800C,S/4 PINK DINNER CANDLE SILVER FLOCK,82,662,255,79,517,255
72800D,S/4 BLUE DINNER CANDLE SILVER FLOCK,92,651,255,79,517,255
72800E,4 IVORY DINNER CANDLES SILVER FLOCK,314,1459,255,79,517,255
72800F,4 IVORY DINNER CANDLES GOLD FLOCK,72,825,255,79,517,255
72801C,S/4 ROSE PINK DINNER CANDLES,57,720,125,42,251,125
72801D,S/4 SKY BLUE DINNER CANDLES,63,566,125,42,251,125
72801E,S/4 FESTIVE GREEN DINNER CANDLES,24,769,125,42,251,125
72801F,S/4 FESTIVE RED DINNER CANDLES,25,234,125,125,125,125
72801G,S/4 BURGUNDY WINE DINNER CANDLES,67,1337,125,42,251,125
72801c,S/4 ROSE PINK DINNER CANDLES,36,62,246,246,251,246
72801d,S/4 SKY BLUE DINNER CANDLES,61,103,246,246,251,246
72802A,ROSE SCENT CANDLE IN JEWELLED BOX,193,946,425,381,847,425
72802B,OCEAN SCENT CANDLE IN JEWELLED BOX,222,1590,425,50,847,425
72802C,VANILLA SCENT CANDLE JEWELLED BOX,287,2228,425,50,865,425
72803A,ROSE SCENT CANDLE JEWELLED DRAWER,102,733,425,50,865,425
72803B,OCEAN SCENT CANDLE JEWELLED DRAWER,40,94,425,425,847,425
72807A,SET/3 ROSE CANDLE IN JEWELLED BOX,233,972,425,381,865,425
72807B,SET/3 OCEAN SCENT CANDLE JEWEL BOX,241,1093,425,381,865,425
72807C,SET/3 VANILLA SCENTED CANDLE IN BOX,361,2019,425,381,865,425
72807a,SET/3 ROSE CANDLE IN JEWELLED BOX,6,9,829,829,847,829
72807b,SET/3 OCEAN SCENT CANDLE JEWEL BOX,19,26,847,829,865,847
72807c,SET/3 VANILLA SCENTED CANDLE IN BOX,44,60,847,829,865,847
72811,SMALL ZINC/GLASS CANDLEHOLDER,22,445,149,38,292,149
72812,LARGE ZINC/GLASS CANDLEHOLDER,31,105,210,210,430,413
72814,SET/3 CHRISTMAS BRIAR CANDLES,57,269,375,295,778,375
72815,3 WICK CHRISTMAS BRIAR CANDLE,72,283,375,375,865,375
72816,SET/3 CHRISTMAS DECOUPAGE CANDLES,153,1456,125,95,778,125
72817,SET/2 CHRISTMAS DECOUPAGE CANDLES,229,1590,79,79,421,125
72818,CHRISTMAS DECOUPAGE CANDLE,144,2465,85,39,166,85
72819,CUPID DESIGN SCENTED CANDLES,100,710,255,85,517,255
72821,CUPID SCENTED CANDLE IN GLASS,15,61,165,165,165,165
75011,BLUE DAISY MOBILE,15,181,79,79,375,79
75013B,"STRING OF 8 BUTTERFLIES,PINK",82,395,165,125,343,165
75049L,LARGE CIRCULAR MIRROR MOBILE,357,13993,125,85,257,125
75131,METAL TUBE CHIME ON BAMBOO,71,1220,169,100,336,169
75149N,STRING CRYSTALS NATURAL,25,272,125,125,125,125
75172,PAINTED SEA SHELL METAL WINDCHIME,11,97,79,79,375,79
75178,ASSTD COL BUTTERFLY/CRYSTAL W/CHIME,27,499,125,42,251,125
77079,DOLPHIN WINDMILL,12,64,212,212,212,212
77081,FLOWER WINDMILL,33,242,125,106,257,125
77101A,UNION FLAG WINDSOCK,92,1088,125,106,257,125
78027,SEAGRASS S/2 CORNER LAUNDRY,5,6,1595,1000,3230,1595
78033,FLAG OF ST GEORGE CHAIR,16,76,595,425,595,595
78034B,BLUE NETTING STORAGE HANGER,11,16,195,195,195,195
78124,MAGAZINE RACK GEBRA ASSORTED,33,737,125,125,430,125
79000,MOROCCAN TEA GLASS,451,12282,85,64,517,85
79026B,"S/4 ICON COASTER,ELVIS LIVES",38,70,125,39,257,125
79029,GLASS HONEYPOT WASP CATCHER,362,2958,195,165,430,195
79030A,"TUMBLER, ENGLISH ROSE",33,171,165,165,1300,165
79030D,"TUMBLER, BAROQUE",64,1022,39,39,1272,97
79030G,"TUMBLER, NEW ENGLAND",125,1766,165,39,1300,165
79051A,SMOKEY GREY COLOUR D.O.F. GLASS,62,954,29,29,604,29
79063C,"RETRO PILL BOX KEY CHAIN,THE KING",14,235,19,18,19,19
79063D,"RETRO PILL BOX , REVOLUTIONARY",12,190,19,18,42,19
79066K,RETRO MOD TRAY,249,1434,85,64,170,85
79066k,RETRO MOD TRAY,17,27,166,163,166,166
79067,CORONA MEXICAN TRAY,414,1662,375,295,865,375
79071B,ENGLISH ROSE METAL WASTE BIN,67,154,295,295,591,295
79072,TEATIME CAKE TIN WITH HANDLE,108,285,995,895,1735,995
79144B,PAINTED LIGHTBULB STAR+ MOON,98,360,42,37,86,83
79144C,PAINTED LIGHTBULB RAINBOW DESIGN,102,313,84,37,86,83
79149B,SILICON STAR BULB  BLUE,14,32,42,42,42,42
79160,HEART SHAPE WIRELESS DOORBELL,228,966,210,169,343,210
79161A,ST GEORGE SET OF 10 PARTY LIGHTS,16,51,295,295,295,295
79163,BLACK CHAMPAGNE GLASS,66,1845,39,39,2123,155
79164,BLACK WINE GLASS,96,3689,165,39,2170,165
79190A,RETRO PLASTIC 70'S TRAY,122,808,42,42,85,42
79190B,RETRO PLASTIC POLKA TRAY,138,1503,42,32,85,42
79190D,RETRO PLASTIC DAISY TRAY,114,657,42,42,85,42
79191B,RETRO PLASTIC POLKA TRAY,72,485,85,63,170,85
79191C,RETRO PLASTIC ELEPHANT TRAY,161,1624,85,63,170,85
79191D,RETRO PLASTIC DAISY TRAY,56,138,85,85,170,85
79192A,RETRO PLASTIC 70'S TRAY,35,114,125,125,257,125
79302M,"ART LIGHTS,FUNK MONKEY",114,654,295,255,604,295
79303B,BLUE STAR BLOCK TABLE LAMP,10,109,591,295,604,591
79303D,LILAC FLOWER BLOCK TABLE LAMP,19,78,295,295,604,591
79315W,FLYING SAUCER TABLE LIGHT IN WHITE,13,199,295,295,604,295
79320,FLAMINGO LIGHTS,150,904,495,425,1126,495
79321,CHILLI LIGHTS,1184,16840,495,359,1788,495
79323B,BLACK CHERRY LIGHTS,59,243,675,545,1387,675
79323G,GOLD  CHERRY LIGHTS,61,314,675,545,1387,675
79323GR,GREEN CHERRY LIGHTS,83,532,675,545,1387,675
79323LP,LIGHT PINK CHERRY LIGHTS,170,1433,675,545,1387,675
79323P,PINK CHERRY LIGHTS,266,2281,675,545,1387,675
79323S,SILVER CHERRY LIGHTS,56,334,675,545,1387,675
79323W,WHITE CHERRY LIGHTS,350,3004,675,545,1387,675
79328,BLUE FLOCK GLASS CANDLEHOLDER,17,594,38,38,343,38
79329,PINK FLOCK GLASS CANDLEHOLDER,7,100,165,38,165,165
79331,PINK FLOCK GLASS CANDLEHOLDER,9,60,165,38,165,165
79336,LIGHT PINK FLOCK GLASS CANDLEHOLDER,21,840,38,38,343,165
79337,BLUE FLOCK GLASS CANDLEHOLDER,22,1200,38,38,336,38
79338,DARK PINK FLOCK GLASS CANDLEHOLDER,13,553,38,38,343,165
79341,WILLOW BRANCH LIGHTS.,80,725,675,545,1387,675
79342B,BROWN FLOWER LIGHTS,34,119,675,545,1387,675
79403,FROSTED WHITE BASE,37,217,85,85,170,85
79406,FROSTED WHITE BASE,21,259,22,22,84,22
79413,GLASS WINE GLASS DECORATIONS,9,30,125,125,125,125
79532,MOSAIC GLASS BALL CANDLEHOLDER,18,97,125,125,125,125
79534,MULTICOLOUR GLASS PLATE,18,116,55,55,55,55
81950B,FLOWER BLUE CLOCK W/SUCKER,36,217,85,29,166,85
81950V,FLOWER PURPLE CLOCK W/SUCKER,12,33,85,29,85,85
81952B,ROUND BLUE CLOCK W/SUCKER,20,254,19,19,166,74
81952V,ROUND PURPLE CLOCK W/SUCKER,49,466,19,19,170,19
81953B,ROUND ARTICULATED BLUE CLOCK W/SUCK,8,14,19,19,85,19
81953P,ROUND ARTICULATED PINK CLOCK W/SUCK,6,33,85,19,85,52
81985A,"ICON ALARM CLOCK,FUSCHIA  PIN UP",7,23,255,255,255,255
82001S,VINYL RECORD FRAME SILVER,237,2956,375,339,778,375
82001s,VINYL RECORD FRAME SILVER,29,125,746,746,762,746
82011A,"BATHROOM SCALES, TROPICAL BEACH",34,59,375,375,762,375
82011B,BATHROOM SCALES RUBBER DUCKS,49,94,375,295,778,375
82011C,BATHROOM SCALES FOOTPRINTS IN SAND,73,133,375,295,778,375
82069,BEECH WOOD P/FRAME,11,17,591,591,725,591
82076,BEECH WOOD PHOTO FRAME,19,290,343,125,343,336
82081,PINK HEARTS PHOTO ALBUM,23,174,195,195,850,762
82093,HEART SHAPE BUTTON FRAME,28,139,343,125,375,343
82095,HEART BUTTONS JEWELLERY BOX,49,102,496,496,765,496
82482,WOODEN PICTURE FRAME WHITE FINISH,2085,17198,255,189,579,255
82483,WOOD 2 DRAWER CABINET WHITE FINISH,1187,5103,595,495,1413,595
82484,WOOD BLACK BOARD ANT WHITE FINISH,1210,11054,645,417,1663,675
82486,WOOD S/3 CABINET ANT WHITE FINISH,1349,4899,795,695,1663,795
82494L,WOODEN FRAME ANTIQUE WHITE,2063,15645,295,230,778,295
82494l,WOODEN FRAME ANTIQUE WHITE,88,424,829,762,847,829
82545A,COGNAC AUX OEUFS METAL 1 HOOK,11,31,125,125,125,125
82551,LAUNDRY 15C METAL SIGN,771,5690,145,106,257,145
82552,WASHROOM METAL SIGN,819,7046,145,106,257,145
82553,POP'S GREASY SPOON METAL SIGN,42,114,165,165,343,336
82567,"AIRLINE LOUNGE,METAL SIGN",500,1231,210,163,430,210
82578,KITCHEN METAL SIGN,730,5645,55,42,130,55
82580,BATHROOM METAL SIGN,1388,13400,55,42,130,55
82581,TOILET METAL SIGN,942,8507,55,42,130,55
82582,AREA PATROLLED METAL SIGN,830,7637,210,169,430,210
82583,HOT BATHS METAL SIGN,1242,13090,210,149,833,210
82585,SWEET VALENCIA CANDLE+CUP,50,165,125,106,257,125
82587,TEXRIO TOMATOES CANDLE+CUP,45,133,125,106,251,125
82597,BOMBS AWAY METAL SIGN,221,1236,210,169,430,210
82599,FANNY'S REST STOPMETAL SIGN,538,2585,210,169,430,210
82600,NO SINGING METAL SIGN,1241,12908,210,169,430,210
82605,OLD DOC.RUSSEL METAL SIGN,128,270,210,166,430,210
82607A,GLASS BONBON JAR PARFUME AUX FLEURE,161,670,125,106,257,125
82607C,GLASS BONBON JAR. SUPERFINES,43,115,125,125,257,251
82607E,GLASS BONBON JAR. D'AMANDES,26,101,125,125,125,125
82613A,"METAL SIGN,CUPCAKE SINGLE HOOK",119,533,125,125,257,125
82613B,"METAL SIGN,CUPCAKE SINGLE HOOK",232,905,125,42,257,125
82613C,"METAL SIGN,CUPCAKE SINGLE HOOK",193,776,125,42,257,125
82613D,METAL SIGN CUPCAKE SINGLE HOOK,280,1198,125,42,257,125
82613b,"METAL SIGN,CUPCAKE SINGLE HOOK",11,14,251,246,251,251
82613c,"METAL SIGN,CUPCAKE SINGLE HOOK",12,13,251,246,251,251
82615,PINK MARSHMALLOW SCARF KNITTING KIT,92,619,295,255,604,295
82616A,BUBBLE GUM SCARF KNITTING KIT,52,316,295,125,604,295
82616B,FRAPPUCINO SCARF KNITTING KIT,136,614,125,125,295,246
82616C,MIDNIGHT GLAMOUR SCARF KNITTING KIT,149,640,125,125,295,246
84006,MAGIC TREE -PAPER FLOWERS,226,1964,85,85,170,85
84007,MAGIC GARDEN MOUNT FUJI,41,159,255,255,517,255
84012,MAGIC SHEEP WOOL GROWING FROM PAPER,183,1841,85,85,506,166
84016,FLAG OF ST GEORGE CAR FLAG,62,1004,42,35,115715,42
84029C,BROWN FURRY HOT WATER BOTTLE,48,204,375,295,778,375
84029D,LEOPARD PRINT HOT WATER BOTTLE,15,51,375,295,778,375
84029E,RED WOOLLY HOTTIE WHITE HEART.,1265,11830,375,295,1313,375
84029G,KNITTED UNION FLAG HOT WATER BOTTLE,1113,7343,375,339,847,375
84030C,KNITTED RAINBOW HOT WATER BOTTLE,6,21,375,375,778,375
84030E,ENGLISH ROSE HOT WATER BOTTLE,529,2252,425,150,847,425
84030c,KNITTED RAINBOW HOT WATER BOTTLE,13,32,778,762,778,778
84030e,ENGLISH ROSE HOT WATER BOTTLE,51,128,913,579,1313,847
84031A,CHARLIE+LOLA RED HOT WATER BOTTLE,333,1153,465,125,932,421
84031B,CHARLIE LOLA BLUE HOT WATER BOTTLE,289,868,465,125,952,421
84032A,CHARLIE+LOLA PINK HOT WATER BOTTLE,697,3427,295,79,604,295
84032B,CHARLIE + LOLA RED HOT WATER BOTTLE,627,3430,295,79,604,295
84033,FLAG OF ST GEORGE,51,393,165,165,8510,165
84050,PINK HEART SHAPE EGG FRYING PAN,751,10529,165,125,430,165
84051,ASS COLOUR GLOWING TIARAS,64,761,85,64,170,85
84077,WORLD WAR 2 GLIDERS ASSTD DESIGNS,1043,110138,29,18,63,29
84078A,SET/4 WHITE RETRO STORAGE CUBES,329,1129,3995,3495,7822,3995
84081,WHITE CERAMIC PARTY SET (5PCS),20,100,425,339,865,425
84086B,YELLOW/BLUE RETRO RADIO,13,24,295,295,295,295
84086C,PINK/PURPLE RETRO RADIO,94,305,295,246,430,295
84192,ASSORTED COLOUR METAL CAT,45,245,125,106,125,125
84199,GLOW IN DARK DOLPHINS,76,558,21,18,43,21
84201B,HAPPY BIRTHDAY CARD STRIPEY TEDDY,8,39,19,19,19,19
84206A,3 BLACK CATS W HEARTS BLANK CARD,10,79,19,19,19,19
84212,"ASSORTED FLOWER COLOUR ""LEIS""",280,24801,65,42,506,65
84218,BOX/12 CHICK & EGG IN BASKET,99,263,195,81,421,195
84219,BOX/12 MOTHER & CHICK IN BASKET/BOW,31,140,255,195,506,255
84226,HEN HOUSE W FAMILY IN BARN & NEST,18,77,85,64,85,85
84227,HEN HOUSE W CHICK IN NEST,13,112,42,42,42,42
84228,HEN HOUSE W CHICK STANDING,48,356,42,37,86,83
84231,EASTER BUNNY WITH BASKET ON BACK,51,230,65,65,149,65
84247C,PACK/12 BLUE REINDEER CARD,23,73,295,295,295,295
84247E,PACK/12 XMAS FUN CARD,106,386,295,246,591,295
84247G,"DECOUPAGE,GREETING CARD,",113,1511,42,36,85,42
84247H,PACK/12 DECOUPAGE CARD,20,42,295,84,295,295
84247J,PACK/12 RUSSIAN DOLL CARDS,9,10,86,86,295,86
84247K,"FOLK ART GREETING CARD,pack/12",30,77,295,295,604,295
84247L,FAWN AND MUSHROOM GREETING CARD,113,1173,42,42,86,42
84247N,PACK/12 BLUE FOLKART CARDS,55,115,295,84,295,295
84249A,"GREETING CARD,SQUARE, DOUGHNUTS",34,252,42,42,83,42
84249D,FAIRY CAKE GREETINGS CARD,65,835,42,36,86,42
84250M,"GREETING CARD, BLACKPOOL ROCK",13,28,85,19,86,85
84251B,"GREETING CARD, STICKY GORDON",63,321,19,19,85,42
84251C,"GREETING CARD, TWO SISTERS.",54,259,19,19,83,42
84251F,"GREETING CARD, RITA",50,341,19,19,86,19
84251G,"GREETING CARD, OVERCROWDED POOL.",93,474,19,19,86,42
84251J,"GREETING CARD, THE BLACK CAT",17,74,84,42,86,84
84255B,ORANGE COCKTAIL GLASS LAMP,19,66,210,210,1300,210
84270,ASSTD DESIGN BUBBLE GUM RING,482,23013,21,16,43,21
84279B,CHERRY BLOSSOM DECORATIVE FLASK,218,811,375,339,865,375
84279P,CHERRY BLOSSOM  DECORATIVE FLASK,309,1157,375,339,865,375
84288B,SET/2 BLUE  NOODLE BASKETS,25,62,195,195,195,195
84292,ROSE PINK METAL FOLDING CHAIR,14,44,795,795,2604,795
84292B,BLUE COL METAL FOLDING CHAIR,6,9,795,500,795,795
84306,S/3 PINK SQUARE PLANTERS ROSES,31,48,1095,829,2252,1095
84313A,PINK TV TRAY TABLE,19,38,425,425,1698,425
84313B,BLUE TV TRAY TABLE,85,229,425,195,1735,425
84313C,ORANGE TV TRAY TABLE,73,548,425,195,1735,425
84327A,PINK JUMPER LARRY THE LAMB,125,961,210,169,421,210
84340,LARGE FIBRE OPTIC CHRISTMAS TREE,11,21,778,42,778,255
84341B,SMALL PINK MAGIC CHRISTMAS TREE,137,1791,85,38,170,85
84347,ROTATING SILVER ANGELS T-LIGHT HLDR,836,32525,255,166,595,255
84352,SILVER CHRISTMAS TREE BAUBLE STAND,133,216,1695,1495,3474,1695
84356,POMPOM CURTAIN,134,751,695,195,2083,695
84358,FLOOR LAMP SHADE WOOD BASE,30,122,995,700,2549,995
84360,TABLE LAMP WHITE SHADE WOOD BASE,43,217,595,465,1357,595
84367,LA STREGA CANVAS PICTURE,8,74,165,165,375,165
84371,BIG PINK POODLE,6,30,1995,500,2170,1995
84375,SET OF 20 KIDS COOKIE CUTTERS,853,7909,210,165,495,210
84378,SET OF 3 HEART COOKIE CUTTERS,1299,11784,125,106,336,125
84380,SET OF 3 BUTTERFLY COOKIE CUTTERS,1152,10540,125,106,336,125
84388,WISE MAN STAR SHAPE EGG PAN,25,73,165,39,165,165
84396,6 HOOK JEWELLERY STAND BLACK DRESS,50,552,195,195,865,847
84402B,PURPLE DRESS JEWELLERY STAND,5,63,79,79,295,79
84402D,PINK DRESS JEWELLERY STAND,13,373,85,85,604,85
84405A,S/3 PINK COL METAL BASKET W HANDLE,50,129,1275,495,2604,1275
84406B,CREAM CUPID HEARTS COAT HANGER,887,7384,325,248,829,325
84414B,FUSCHIA/GREEN STRIPE WOOLLY BLANKET,9,78,595,595,3909,595
84415A,PINK FLOCK SUEDE CUSHION COVER,6,27,375,125,375,375
84415B,BLUE FLOCK CUSHION COVER,8,26,375,125,375,375
84422,PINK/BLUE DISC/MIRROR STRING,39,783,85,39,166,85
84424A,FOUR PICTURE WHITE GLASS FRAME,10,23,375,375,375,375
84425A,WHITE GLASS TV TRIPLE FRAME,9,18,425,425,430,425
84427B,BLACK GLASS TV DOUBLE P/FRAME 15X10,5,17,425,425,425,425
84429A,MEDIUM PINK BUDDHA HEAD,44,112,295,295,604,295
84437A,S/6 PINK EASTER DECS IN BOX,20,106,85,85,170,85
84447,6 RABBIT CHAIN EASTER,20,70,166,85,166,166
84450A,PINK RABBIT SITTING EASTER,5,52,42,42,81,42
84450B,YELLOW RABBIT SAT EASTER,35,139,81,42,83,81
84452,METAL RABBIT LADDER EASTER,45,198,85,85,170,85
84454,WOBBLING METAL CHICKEN EASTER,18,93,85,85,166,85
84455,SET OF 3 RABBIT CARROTS EASTER,21,86,85,85,170,85
84456,SET OF 3 RABBIT EGG EASTER,16,37,85,85,170,85
84457,SET/3 RABBITS FLOWER SKIPPPING ROPE,67,293,85,85,166,85
84458,S/3 RABBIT FLOWER/EGG/CARROT ROPE,20,124,85,85,85,85
84459A,PINK METAL CHICKEN HEART,211,1272,149,125,343,149
84459B,YELLOW METAL CHICKEN HEART,221,1480,149,125,336,149
84461,12 PINK HEN+CHICKS IN BASKET,40,99,255,81,506,255
84462,3 PINK HEN+CHICKS IN BASKET,14,100,125,106,251,125
84464,S/60 PINK FLUFFY CHICKS IN BOX,12,83,255,195,255,255
84465,15 PINK FLUFFY CHICKS IN BOX,24,33,295,295,506,295
84466,TOP SECRET PEN SET,76,1259,125,95,257,125
84467,ENGLISH ROSE DESIGN QUILTED THROW,83,816,2549,1000,8426,2549
84469,ROSE DES PADDED FLOOR CUSHION,44,664,295,295,1443,295
84472,PINK AND LILAC QUILTED THROW,30,87,4595,1000,8691,4595
84482,BUTTONS DESIGN JEWELLERY BOX,34,76,375,375,778,375
84493,BLUE/PINK NEST STRIPE BOX,5,1142,255,8,255,255
84497,BUTTONS AND STRIPES NOTEBOOK,41,100,375,375,778,375
84499,BLACK FLOWER CANDLE PLATE,41,326,85,64,170,85
84507B,STRIPES DESIGN MONKEY DOLL,116,1349,255,85,517,255
84507C,BLUE CIRCLES DESIGN MONKEY DOLL,73,435,255,85,517,255
84508A,CAMOFLAGE DESIGN TEDDY,111,3811,255,210,506,255
84508B,STRIPES DESIGN TEDDY,80,178,255,255,517,255
84508C,BLUE CIRCLES DESIGN TEDDY,46,109,255,255,506,255
84509A,ENGLISH ROSE PLACEMATS,410,1535,375,295,778,375
84509B,FAIRY CAKE PLACEMATS,202,657,375,295,778,375
84509C,DOTTY PLACEMATS,98,279,375,295,778,375
84509E,CAROUSEL PLACEMATS,32,161,375,79,778,336
84509F,NEW ENGLAND PLACEMATS,46,2781,375,75,762,375
84509G,FAIRY CAKE PLACEMATS,161,806,375,125,778,375
84509a,ENGLISH ROSE PLACEMATS,75,113,746,746,778,746
84509c,DOTTY PLACEMATS,48,73,762,746,778,762
84510A,SET OF 4 ENGLISH ROSE COASTERS,491,2439,125,106,257,125
84510B,SET OF 4 FAIRY CAKES COASTERS,162,1187,125,106,257,125
84510C,SET OF 4 POLKADOTS COASTERS,104,277,125,106,257,125
84510E,SET OF 4 GREEN CAROUSEL COASTERS,28,148,125,21,257,246
84510F,SET OF 4 NEW ENGLAND COASTERS,40,1101,125,30,257,125
84510a,SET OF 4 ENGLISH ROSE COASTERS,59,76,246,246,251,246
84510c,SET OF 4 POLKADOTS COASTERS,36,59,246,246,251,246
84510e,SET OF 4 GREEN CAROUSEL COASTERS,6,14,251,246,251,251
84519A,TOMATO CHARLIE+LOLA COASTER SET,206,1208,295,125,604,295
84519B,CARROT CHARLIE+LOLA COASTER SET,218,871,125,125,604,295
84520B,PACK 20 ENGLISH ROSE PAPER NAPKINS,754,7465,85,64,170,85
84520D,PACK OF 20 FAIRY CAKE PAPER NAPKINS,96,701,85,64,170,85
84520b,PACK 20 ENGLISH ROSE PAPER NAPKINS,10,110,166,166,251,208
84522,PINK PARTY SUNGLASSES,27,187,195,150,195,195
84526,GIANT BLACK SUNGLASSES,34,538,195,195,421,195
84527,FLAMES SUNGLASSES PINK LENSES,25,79,195,163,421,195
84529A,PINK KNITTED KIDS RUCKSACK,19,50,675,421,1387,675
84529B,BLUE KNITTED KID'S RUCKSACK,5,13,421,421,675,421
84529C,YELLOW KNITTED KIDS RUCKSACK,37,78,421,421,675,421
84531A,PINK KNITTED EGG COSY,50,197,195,39,430,139
84531B,BLUE KNITTED EGG COSY,47,201,195,39,430,195
84532B,FAIRY CAKES RECTANGLUAR BOXES,31,54,595,595,1213,595
84533B,FAIRY CAKES ROUND NESTING BOXES,24,59,595,465,1213,595
84534B,FAIRY CAKE NOTEBOOK A5 SIZE,197,871,85,85,170,85
84534b,FAIRY CAKE NOTEBOOK A5 SIZE,5,6,166,166,166,166
84535A,ENGLISH ROSE NOTEBOOK A6 SIZE,65,607,65,42,152,65
84535B,FAIRY CAKES NOTEBOOK A6 SIZE,342,2712,65,42,152,65
84536A,ENGLISH ROSE NOTEBOOK A7 SIZE,644,5198,42,42,85,42
84536B,FAIRY CAKES NOTEBOOK A7 SIZE,415,3541,42,32,85,42
84536a,ENGLISH ROSE NOTEBOOK A7 SIZE,12,25,81,79,81,81
84536b,FAIRY CAKES NOTEBOOK A7 SIZE,5,13,81,81,81,81
84537B,FAIRY CAKES GIFT BAG,11,117,42,42,42,42
84539,KNITTED RABBIT DOLL,14,68,165,165,165,165
84548,CROCHET BEAR RED/BLUE  KEYRING,14,48,165,165,165,165
84549,CROCHET WHITE RABBIT KEYRING,16,75,165,145,336,165
84550,CROCHET LILAC/RED BEAR KEYRING,5,15,165,165,165,165
84551,CROCHET DOG KEYRING,8,39,165,165,165,165
84555A,YELLOW VW BEETLE CERAMIC MONEY BOX,17,47,295,255,295,295
84558A,3D DOG PICTURE PLAYING CARDS,227,1324,295,229,604,295
84558a,3D DOG PICTURE PLAYING CARDS,21,23,591,579,604,591
84559A,3D SHEET OF DOG STICKERS,241,1359,85,79,173,85
84559B,3D SHEET OF CAT STICKERS,205,1234,85,85,173,85
84559D,3D SHEET OF SEA WORLD STICKERS,32,149,85,85,173,85
84559a,3D SHEET OF DOG STICKERS,42,59,169,166,169,169
84559b,3D SHEET OF CAT STICKERS,26,33,166,166,169,166
84562A,PINK/WHITE RIBBED MELAMINE JUG,81,171,795,636,1698,795
84562B,BLUE/WHITE RIBBED MELAMINE JUG,7,10,795,795,1698,795
84563A,PINK & WHITE BREAKFAST TRAY,64,142,595,295,1213,595
84563B,BLUE & WHITE BREAKFAST TRAY,63,133,295,295,1187,421
84564,6 SEGMENT COLOURED SNACK BOWL,11,21,795,795,1648,795
84568,GIRLS ALPHABET IRON ON PATCHES,314,38574,43,17,43,42
84569A,PACK 3 IRON ON DOG PATCHES,117,576,125,83,257,125
84569B,PACK 3 FIRE ENGINE/CAR PATCHES,84,463,125,125,251,125
84569C,PACK 4 FLOWER/BUTTERFLY PATCHES,89,415,125,125,257,125
84569D,PACK 6 HEART/ICE-CREAM PATCHES,189,1059,125,83,257,125
84575A,PINK DOG CANNISTER,13,24,595,195,595,595
84576,BLUE CAT BISCUIT BARREL PINK HEART,32,96,595,195,1213,413
84578,ELEPHANT TOY WITH BLUE T-SHIRT,115,223,375,339,430,375
84580,MOUSE TOY WITH PINK T-SHIRT,466,1086,375,375,430,375
84581,DOG TOY WITH PINK CROCHET SKIRT,242,513,375,339,430,375
84582,PINK CROCHET CAT WITH SCARF,12,15,425,425,425,425
84584,PINK GINGHAM CAT WITH SCARF,75,282,255,163,517,255
84586L,"PINK ROSES/GINGHAM PATCH RABBIT 8""",9,15,295,295,295,295
84592,CROCHET ROSE PURSE WITH SUEDE BACK,48,175,295,295,604,295
84593,CROCHET ROSE DES CLOTHES HANGER,9,26,295,295,295,295
84595B,LARGE TRIFLE DESIGN L BLUE BOWL,16,230,375,165,375,375
84595E,LARGE TORTILLA DESIGN RED BOWL,43,367,375,165,865,329
84596B,SMALL DOLLY MIX DESIGN ORANGE BOWL,750,6301,42,42,257,83
84596E,SMALL LICORICE DES PINK BOWL,211,1136,125,42,257,125
84596F,SMALL MARSHMALLOWS PINK BOWL,621,4743,42,42,257,83
84596G,SMALL CHOCOLATES PINK BOWL,359,2233,42,42,257,83
84596I,WRAP SWEETS LIGHT PINK SMALL BOWL,11,72,125,106,251,125
84596J,MIXED NUTS LIGHT GREEN BOWL,142,814,125,42,257,125
84596K,JELLY BABIES YELLOW SMALL BOWL,93,428,125,106,257,125
84596L,BISCUITS SMALL BOWL LIGHT BLUE,262,1543,83,42,257,83
84596b,SMALL DOLLY MIX DESIGN ORANGE BOWL,10,13,251,251,251,251
84596e,SMALL LICORICE DES PINK BOWL,22,35,251,251,251,251
84596f,SMALL MARSHMALLOWS PINK BOWL,14,19,246,246,251,246
84597B,RETRO BROWN BALL ASHTRAY,27,205,125,85,257,125
84597C,RETRO PINK BALL ASHTRAY,45,365,125,85,257,125
84598,BOYS ALPHABET IRON ON PATCHES,221,20799,43,17,43,42
84599,CANDY STRIPE ROSE FLOOR CUSHION,6,15,795,795,1613,1204
84600,NEW BAROQUE JEWELLERY BOX,52,108,795,695,1648,795
84601A,NEW BAROQUE IVORY CUSHION COVER,15,260,295,125,952,295
84609,TALL ROCOCO CANDLE HOLDER,39,144,850,725,1735,850
84613A,PINK NEW BAROQUE FLOCK CANDLESTICK,10,22,465,465,465,465
84613C,BLUE NEW BAROQUE FLOCK CANDLESTICK,13,63,465,381,465,465
84614A,PINK BAROQUE FLOCK CANDLE HOLDER,11,19,595,595,1187,595
84615,PINK ROUND BUTTERFLY MIRROR,21,240,195,195,1613,195
84616,SILVER ROCCOCO CHANDELIER,25,72,2995,1275,5829,2995
84617,NEW BAROQUE BLACK BOXES,7,11,1275,1275,1275,1275
84619,BLUE GINGHAM ROSE QUILT,29,72,4595,1275,8691,4595
84620,BLUE GINGHAM ROSE CUSHION COVER,51,123,595,465,2123,595
84621,BLUE GINGHAM ROSE FLOOR CUSHION,15,29,795,795,1648,795
84622,PINK GINGHAM ROSE CUSHION COVER,9,23,595,595,2170,595
84623,PINK GINGHAM ROSE FLOOR CUSHION,14,56,795,295,1648,795
84625A,PINK NEW BAROQUECANDLESTICK CANDLE,89,861,295,85,591,295
84625B,BLCK NEW BAROQUE CANDLESTICK CANDLE,17,180,295,85,295,295
84625C,BLUE NEW BAROQUE CANDLESTICK CANDLE,78,804,295,85,604,295
84625D,WHITE NEWBAROQUE CANDLESTICK CANDLE,53,651,295,85,591,295
84627,CANDY STRIPE ROSE C/COVER,21,51,595,595,595,595
84629,WHITE 3 FRAME BIRDS AND TREE,13,24,495,495,2195,495
84631,FRUIT TREE AND BIRDS WALL PLAQUE,51,289,795,195,1613,795
84632,DECORATIVE HANGING SHELVING UNIT,11,15,5995,4995,5995,5995
84637,KITCHEN FLOWER POTS WALL PLAQUE,115,586,496,125,1300,496
84638,SMALL KITCHEN FLOWER POTS PLAQUE,69,400,695,145,1474,695
84653,GREEN ROSE QUILT,12,14,4595,3995,8691,4595
84656,WHITE ROSE C/COVER,13,22,595,595,595,595
84657,GREEN ROSE CUSHION COVER,21,247,165,165,2123,465
84658,WHITE STITCHED CUSHION COVER,71,231,695,165,2123,695
84659A,WHITE TRAVEL ALARM CLOCK,235,611,251,123,517,251
84660A,WHITE STITCHED WALL CLOCK,51,860,79,79,778,79
84660B,BLACK STITCHED WALL CLOCK,62,747,375,79,778,336
84660C,PINK STITCHED WALL CLOCK,86,726,375,79,778,375
84660a,WHITE STITCHED WALL CLOCK,5,7,762,746,762,762
84660b,BLACK STITCHED WALL CLOCK,7,8,762,746,762,762
84660c,PINK STITCHED WALL CLOCK,31,34,762,746,762,762
84661A,WHITE SQUARE TABLE CLOCK,43,222,255,65,517,255
84661B,BLACK SQUARE TABLE CLOCK,52,244,255,65,517,255
84661C,PINK SQUARE TABLE CLOCK,25,150,65,65,517,255
84663A,GRASS HOPPER WOODEN WALL CLOCK,68,377,595,79,1187,591
84664,CHERRY BLOSSOM BATHROOM CABINET,51,193,495,495,495,495
84665,SQUARE CHERRY BLOSSOM CABINET,48,230,595,595,2595,595
84666,SQUARE CHERRY BLOSSOM CABINET,33,226,395,395,395,395
84670,JAPANESE CROCHETED ANIMAL,194,5223,42,36,170,42
84671B,CROCHET BEAR WITH BLUE STRIPES,35,111,255,255,517,255
84673A,PINK FLY SWAT,103,502,65,53,130,65
84673B,BLUE FLY SWAT,139,510,65,65,163,65
84674,FLYING PIG WATERING CAN,110,468,295,120,604,295
84675,FROG KING WATERING CAN,62,206,295,120,604,295
84676,BATH DUCK WATERING CAN,110,848,295,120,604,295
84678,CLASSICAL ROSE SMALL VASE,90,623,255,125,517,255
84680,CLASSICAL ROSE URN,17,94,795,295,795,795
84682,CLASSICAL ROSE DISH,51,295,295,125,604,295
84683,CLASSICAL ROSE CANDLESTAND,52,564,125,65,257,125
84684,BEACH HUT PHOTO FRAME,40,609,255,85,517,255
84685,BEACH HUT KEY CABINET,129,439,762,125,778,762
84686,BEACH HUT MIRROR,76,389,847,79,865,636
84687,BEACH HUT SHELF W 3 DRAWERS,74,315,595,195,1187,595
84688,BEACH HUT DESIGN BLACKBOARD,81,422,425,165,865,425
84689,S/2 BEACH HUT TREASURE CHESTS,40,312,595,165,1187,595
84690,S/2 BEACH HUT STOOLS,15,28,795,795,795,795
84691,PACK 20 DOLLY PEGS,240,2754,85,72,170,85
84692,BOX OF 24 COCKTAIL PARASOLS,1181,19467,42,32,417,42
84705A,ENGLISH ROSE PHOTO FRAME,8,15,465,465,465,465
84705C,PINK FLOCK PHOTO FRAME,8,162,125,125,952,443
84705D,CHERRY BLOSSOM PHOTO FRAME,15,22,421,421,465,421
84705F,RED PEONY PHOTO FRAME,7,10,465,465,465,465
84706A,ENGLISH ROSE TABLE CLOCK,7,137,195,195,1868,895
84706B,FAIRY CAKES TABLE CLOCK,9,20,895,895,1868,895
84706D,CHERRY BLOSSOM TABLE CLOCK,17,221,195,195,1909,195
84706F,RED PEONY TABLE CLOCK,18,34,295,295,895,295
84707A,SILVER JEWELLED MIRROR TRINKET TRAY,66,130,995,195,2038,995
84707B,PINK JEWELLED MIRROR TRINKET TRAY,53,81,847,195,1996,847
84708B,PINK JEWELLED PHOTO FRAME,54,142,495,425,1017,495
84709A,SILVER OVAL JEWELLED MIRROR,15,25,595,595,595,595
84709B,PINK OVAL JEWELLED MIRROR,90,179,595,465,604,595
84711A,SILVER OVAL SHAPE TRINKET BOX,25,44,995,579,1996,995
84711B,PINK OVAL SHAPE TRINKET BOX,30,39,995,579,995,930
84712B,PINK JEWELLED PHOTO FRAME,61,101,795,636,795,795
84715,SET OF 6 ICE CREAM SKITTLES,47,241,295,295,604,295
84723,CHERRY BLOSSOM CANVAS ART PICTURE,12,54,795,195,795,795
84725,FREESTYLE CANVAS ART PICTURE,30,135,75,75,425,165
84726,LILLIES CANVAS PICTURE,5,233,165,165,425,165
84732B,CUTE BIRD CEATURE SCREEN,6,28,165,39,165,165
84732D,CUTE RABBIT CEATURE SCREEN,6,15,165,39,165,165
84741C,CITRUS GARLAND FELT FLOWERS,53,186,195,195,430,195
84743C,ORANGE FELT VASE + FLOWERS,6,10,125,125,125,125
84744,S/6 SEW ON CROCHET FLOWERS,40,169,125,125,251,125
84745A,PINK HANGING GINGHAM EASTER HEN,19,74,42,42,42,42
84745B,BLUE HANGING GINGHAM EASTER HEN,20,85,42,42,42,42
84746,PINK EASTER HENS+FLOWER,17,24,375,246,375,375
84748,FOLK FELT HANGING MULTICOL GARLAND,97,1174,246,85,762,251
84750A,PINK SMALL GLASS CAKE STAND,105,544,195,165,430,195
84750B,BLACK SMALL GLASS CAKE STAND,78,609,195,39,430,195
84751B,BLACK MEDIUM GLASS CAKE STAND,21,40,375,79,375,375
84753A,PINK EAU DE COLOGNE BOTTLE,24,97,85,85,166,85
84754,S/15 SILVER GLASS BAUBLES IN BAG,241,2213,125,106,257,125
84755,COLOUR GLASS T-LIGHT HOLDER HANGING,1302,40839,65,55,517,65
84760S,SMALL HANGING GLASS+ZINC LANTERN,39,240,145,145,304,145
84761,IVORY HANGING BIRD PLANTER,64,279,255,210,517,255
84762A,WHITE PICNIC BARBECUE BUCKET,29,59,1075,595,1075,1075
84762B,PINK PICNIC BARBECUE BUCKET,48,113,847,595,1075,847
84762C,GREEN PICNIC BARBECUE BUCKET,43,105,847,595,1075,847
84763,ZINC FINISH 15CM PLANTER POTS,176,1638,125,106,257,125
84765,SILVER ROCOCO CANDELABRA,6,9,1275,1275,2549,1275
84766,SILVER ROCOCO CANDLE STICK,28,201,595,195,595,595
84767,ZINC POLICE BOX LANTERN,6,195,595,400,1126,595
84770,ROUND GEORGIAN SILVER MIRROR,16,135,295,295,995,295
84773,RED ROSE AND LACE C/COVER,50,193,295,295,295,295
84782A,PINK 3 TIER GLASS PLATE STAND,26,119,1275,395,1275,1275
84782B,BLACK 3 TIER GLASS PLATE STAND,6,10,1275,1275,1275,1275
84782C,GREEN 3 TIER GLASS PLATE STAND,18,74,1275,395,1275,1275
84789,ENCHANTED BIRD PLANT CAGE,127,448,375,295,762,375
84791,GINGHAM HEART DECORATION,108,337,295,255,604,295
84792,ENCHANTED BIRD COATHANGER 5 HOOK,534,2327,465,280,952,465
84795A,PASTEL STRIPE HAMMOCK,72,209,795,695,1698,795
84795B,SUNSET CHECK HAMMOCK,98,306,795,695,1735,795
84795C,OCEAN STRIPE HAMMOCK,132,325,795,695,1698,795
84795D,SEASIDE STRIPE HAMMOCK,83,189,795,695,1698,795
84795E,RIO PINK STRIPE HAMMOCK,6,10,795,795,795,795
84795b,SUNSET CHECK HAMMOCK,17,19,1663,1663,1698,1663
84796A,PINK HAWAIIAN PICNIC HAMPER FOR 2,111,284,847,395,2604,847
84796B,BLUE SAVANNAH PICNIC HAMPER FOR 2,182,600,829,395,2549,829
84796a,PINK HAWAIIAN PICNIC HAMPER FOR 2,20,28,829,829,847,829
84797A,PINK HAWAIIAN PICNIC HAMPER FOR 4,44,481,1102,495,3408,1102
84797B,BLUE SAVANNAH PICNIC HAMPER FOR 4,33,323,495,495,3474,495
84797a,PINK HAWAIIAN PICNIC HAMPER FOR 4,17,18,1102,1102,1126,1102
84797b,BLUE SAVANNAH PICNIC HAMPER FOR 4,19,21,1102,1102,1126,1102
84798A,PINK FOXGLOVE ARTIIFCIAL FLOWER,10,195,255,210,255,255
84798B,PURPLE FOXGLOVE ARTIIFCIAL FLOWER,10,326,255,65,255,255
84799,SPRIG LAVENDER ARTIFICIAL FLOWER,32,679,125,42,125,125
84800L,LARGE WHITE/PINK ROSE ART FLOWER,38,650,212,85,212,212
84800M,MEDIUM WHITE/PINK ROSE ART FLOWER,27,250,169,65,169,169
84800S,SMALL WHITE/PINK ROSE ART FLOWER,20,394,125,42,125,125
84801A,PINK HYDRANGEA ART FLOWER,15,272,210,65,210,210
84801B,WHITE HYDRANGEA ART FLOWER,18,214,210,65,210,210
84802A,WHITE ANEMONE ARTIFICIAL FLOWER,25,209,169,169,169,169
84802B,PURPLE ANEMONE ARTIFICIAL FLOWER,18,435,169,42,169,169
84803A,PINK ALLIUM  ARTIFICIAL FLOWER,17,112,169,169,169,169
84803B,WHITE ALLIUM  ARTIFICIAL FLOWER,11,42,169,169,169,169
84804A,CREAM DELPHINIUM ARTIFICIAL FLOWER,19,224,295,65,295,295
84804B,BLUE DELPHINIUM ARTIFICIAL FLOWER,21,367,295,65,295,295
84805A,CREAM CLIMBING HYDRANGA ART FLOWER,8,147,375,85,375,375
84805B,BLUE CLIMBING HYDRANGA ART FLOWER,9,340,375,85,375,295
84806A,PINK CANDYSTUFT ARTIFICIAL FLOWER,20,319,145,39,145,145
84806B,WHITE CANDYSTUFT ARTIFICIAL FLOWER,32,450,145,39,145,145
84807,RED POPPY ARTIFICIAL FLOWER,7,233,169,65,169,169
84809A,WHITE CHRYSANTHEMUMS ART FLOWER,23,288,210,85,210,210
84809B,PINK CHRYSANTHEMUMS ART FLOWER,8,296,210,85,210,210
84813,SET OF 4 DIAMOND NAPKIN RINGS,101,426,1275,295,2549,1275
84815,SET OF 3 DANISH ROSE PLANTERS,57,930,425,75,865,425
84816,DANISH ROSE BEDSIDE CABINET,20,33,3995,3495,3995,3995
84817,DANISH ROSE DECORATIVE PLATE,80,1059,210,39,210,210
84818,DANISH ROSE PHOTO FRAME,216,1790,255,79,517,251
84819,DANISH ROSE ROUND SEWING BOX,98,914,425,79,847,425
84820,DANISH ROSE TRINKET TRAYS,55,325,595,79,1187,595
84821,DANISH ROSE DELUXE COASTER,76,1330,85,19,170,85
84823,DANISH ROSE FOLDING CHAIR,29,120,795,795,3995,795
84824,DANISH ROSE UMBRELLA STAND,32,38,1595,1275,3300,1595
84826,ASSTD DESIGN 3D PAPER STICKERS,65,1805,85,19,85,85
84827,ASS DES PHONE SPONGE CRAFT STICKER,38,1093,65,9,65,65
84828,JUNGLE POPSICLES ICE LOLLY HOLDERS,367,2521,125,106,295,125
84830,LARGE ENGLISH ARBORETUM,7,113,1695,1000,1695,1695
84832,ZINC WILLIE WINKIE  CANDLE STICK,660,6888,85,72,195,85
84836,ZINC METAL HEART DECORATION,1490,20251,125,40,257,125
84837,WHITE SWEETHEARTS CABINET 4 DRAWERS,146,253,1275,1075,2604,1275
84839,SWEETHEART KEY CABINET,407,1538,675,338,1300,675
84840,SWEETHEART CARRY-ALL BASKET,144,287,850,765,1698,850
84842,HELLO SAILOR BATHROOM SET,36,1506,375,33,778,375
84843,WHITE SOAP RACK WITH 2 BOTTLES,113,283,595,465,1213,595
84845C,CARNATION SQUARE HANDY TIN,14,42,125,125,125,125
84845D,GERANIUM SQUARE HANDY TIN,11,41,125,125,125,125
84846A,SCENTED CANDLE IN DIGITALIS TIN,59,265,210,210,430,210
84847,FLORAL BATHROOM SET,51,2332,375,33,778,375
84849A,HELLO SAILOR BLUE SOAP HOLDER,107,484,169,145,336,169
84849B,FAIRY SOAP SOAP HOLDER,301,1972,169,145,343,169
84849D,HOT BATHS SOAP HOLDER,266,1574,169,145,336,169
84854,GIRLY PINK TOOL SET,113,387,495,425,865,495
84855,BLOKEY SILVER TOOL SET,16,36,495,495,865,495
84856L,LARGE TAHITI BEACH BAG,82,239,595,465,1213,595
84856S,SMALL TAHITI BEACH BAG,33,467,465,381,952,465
84857C,PINK MONTE CARLO HANDBAG,17,197,195,195,1698,195
84858A,NATURAL RIVIERA HANDBAG,8,53,595,125,1213,595
84858B,BLUE RIVIERA HANDBAG,9,326,125,125,595,125
84858C,PINK RIVIERA HANDBAG,30,347,595,125,1187,595
84859A,SILVER DISCO HANDBAG,60,293,195,125,1102,195
84859B,BLUE DISCO HANDBAG,19,283,195,125,595,195
84859C,PINK DISCO HANDBAG,40,304,195,125,595,195
84865,NEW BAROQUE BLACK PHOTO ALBUM,53,83,850,295,1735,850
84869,CANDY BUTTON PHOTO ALBUM,26,302,195,195,1213,595
84870B,BLUE GEISHA GIRL,43,96,375,246,778,375
84870C,GREEN GEISHA GIRL,44,99,375,246,778,375
84872A,TEATIME FUNKY FLOWER BACKPACK FOR 2,102,177,1102,1079,1695,1102
84872a,TEATIME FUNKY FLOWER BACKPACK FOR 2,50,64,1102,1079,1126,1102
84873A,FUNKY FLOWER PICNIC BAG FOR 4,17,33,1102,1102,1695,1102
84873a,FUNKY FLOWER PICNIC BAG FOR 4,59,88,1102,1102,1126,1102
84874B,BLUE TRAVEL FIRST AID KIT,38,87,165,163,165,165
84875A,PINK SQUARE COMPACT MIRROR,12,16,375,375,375,375
84875B,GREEN SQUARE COMPACT MIRROR,41,377,125,125,746,125
84875D,BLUE SQUARE COMPACT MIRROR,37,371,125,125,375,125
84876B,GREEN HEART COMPACT MIRROR,43,346,125,125,762,125
84876C,SILVER HEART COMPACT MIRROR,5,8,375,375,375,375
84876D,BLUE HEART COMPACT MIRROR,37,336,375,125,778,375
84877A,PINK ROUND COMPACT MIRROR,17,74,375,125,375,375
84877B,GREEN ROUND COMPACT MIRROR,43,291,125,125,746,329
84877D,BLUE ROUND COMPACT MIRROR,47,167,336,125,375,336
84879,ASSORTED COLOUR BIRD ORNAMENT,2938,81809,169,14,2604,169
84880,WHITE WIRE EGG HOLDER,388,1807,595,495,1579,595
84881,BLUE WIRE SPIRAL CANDLE HOLDER,25,54,635,635,1272,635
84882,GREEN WIRE STANDING CANDLE HOLDER,38,68,375,375,762,375
84884A,ANT WHITE WIRE HEART SPIRAL,315,1722,395,195,865,395
84884a,ANT WHITE WIRE HEART SPIRAL,39,56,847,829,847,847
84886,BLUE METAL WALL SHELF,10,13,995,995,995,995
84891B,GREEN WIRE GOBLET CANDLEHOLDER,7,12,795,795,795,795
84893,ANT WHITE IRON BASKET,16,34,595,495,595,595
84898F,YELLOW FLOWERS FELT HANDBAG KIT,56,172,210,210,421,210
84899E,YELLOW + BROWN BEAR FELT PURSE KIT,21,53,125,125,257,125
84899F,YELLOW PURPLE DAISY FELT PURSE KIT,53,121,125,125,257,251
84901,BLACK FACE LAMB WITH PANTS,77,126,375,339,430,375
84902,PINK KNITTED COW STUFFED TOY,53,84,375,339,430,375
84905,PINK BUTTERFLY C/COVER,105,269,506,125,1039,506
84906,PINK B'FLY C/COVER W BOBBLES,22,67,595,195,1272,595
84907,PINK/YELLOW PATCH CUSHION COVER,36,391,579,195,1822,579
84908A,PINK 5 PATCH FLOWER CUSHION COVER,37,433,591,195,1443,591
84908B,BLUE 5 PATCH FLOWER CUSHION COVER,35,435,591,195,695,591
84909A,PINK PAISLEY QUILT,30,209,1275,1275,4595,1275
84910A,PINK PAISLEY CUSHION COVER,54,434,595,165,2170,595
84912A,PINK ROSE WASHBAG,235,1097,375,200,778,336
84912B,GREEN ROSE WASHBAG,271,1149,329,200,778,336
84913A,SOFT PINK ROSE TOWEL,274,629,336,329,952,336
84913B,MINT GREEN ROSE TOWEL,210,442,336,329,952,336
84914A,PINK ROSE PICNIC RUG,5,6,2595,2595,2595,2595
84915,HAND TOWEL PINK FLOWER AND DAISY,41,241,421,125,1187,421
84916,HAND TOWEL PALE BLUE W FLOWERS,63,267,421,125,595,421
84917,WHITE HAND TOWEL WITH BUTTERFLY,56,232,421,125,1187,421
84918,CREAM C/COVER W YELLOW/GREEN FLOWER,63,208,591,195,695,591
84919,L BLUE C/COVER W PINK/YELLOW FLOWER,43,291,695,195,1648,695
84920,PINK FLOWER FABRIC PONY,91,208,375,295,778,375
84921,CREAM AND PINK FLOWERS PONY,18,31,375,375,375,375
84922,PINK BUTTERFLY WASHBAG,17,342,425,200,865,425
84923,PINK BUTTERFLY HANDBAG W BOBBLES,159,248,413,413,850,421
84924A,WAKE UP COCKEREL CALENDAR SIGN,65,139,375,375,778,375
84924D,LA PALMIERA METAL SIGN CALENDAR,15,764,375,25,762,375
84924F,PSYCHEDELIC METAL SIGN CALENDAR,10,975,375,25,778,227
84925A,WAKE UP COCKEREL WALL THERMOMETER,17,179,255,170,517,255
84925C,FAIRY CAKES  WALL THERMOMETER,10,28,255,255,255,255
84925D,LA PALMIERA WALL THERMOMETER,27,453,255,85,255,255
84925F,PSYCHEDELIC WALL THERMOMETER,36,716,255,79,506,255
84926A,WAKE UP COCKEREL TILE COASTER,54,673,29,29,251,125
84926B,SCOTTS ROSES TILE COASTER,10,54,125,125,125,125
84926C,FAIRY CAKES TILE COASTER,32,140,125,125,257,125
84926D,LA PALMIERA TILE COASTER,50,777,29,29,251,125
84926E,FLOWERS TILE COASTER,54,1108,29,29,251,29
84926F,PSYCHEDELIC TILE COASTER,43,485,29,29,257,125
84927A,WAKE UP COCKEREL TILE HOOK,34,227,210,8,421,210
84927D,LA PALMIERA TILE HOOK,30,955,210,8,421,210
84927E,FLOWERS TILE HOOK,30,494,210,8,421,210
84927F,PSYCHEDELIC TILE HOOK,65,336,39,39,421,210
84929,ASSTD FRUIT+FLOWERS FRIDGE MAGNETS,94,3120,19,19,55,30
84931A,PINK SCOTTIE DOG W FLOWER PATTERN,86,209,255,163,517,255
84931B,BLUE SCOTTIE DOG W FLOWER PATTERN,87,279,255,163,517,255
84932A,SMALL GREEN PEONY FOLDING STOOL,24,262,195,195,850,195
84932B,SMALL PINK PEONY FOLDING STOOL,17,189,195,195,850,195
84932C,SMALL ORIENTAL BLUE FOLDING STOOL,34,282,195,195,850,195
84932D,SMALL ORIENTAL RED FOLDING STOOL,21,239,195,195,1698,195
84933A,LARGE GREEN PEONY FOLDING STOOL,6,131,210,210,995,210
84933B,LARGE PINK PEONY FOLDING STOOL,6,136,210,210,995,210
84933C,LARGE BLUE ORIENTAL FOLDING STOOL,6,136,210,210,995,210
84934,ASSTD DESIGN POP ART SLIM PEN,13,687,85,85,170,85
84937,KASHMIR FOLKART TUMBLERS,125,2543,210,169,1126,210
84944,SET OF 6 KASHMIR FOLKART BAUBLES,207,1168,425,55,778,425
84945,MULTI COLOUR SILVER T-LIGHT HOLDER,690,22662,85,72,1136,85
84946,ANTIQUE SILVER TEA GLASS ETCHED,1857,38064,125,96,295,125
84947,ANTIQUE SILVER TEA GLASS ENGRAVED,735,16199,125,85,257,125
84948,SILVER HANGING T-LIGHT HOLDER DOME,38,279,165,165,343,165
84949,SILVER HANGING T-LIGHT HOLDER,731,12286,165,145,343,165
84950,ASSORTED COLOUR T-LIGHT HOLDER,289,8027,65,55,1039,72
84951A,S/4 PISTACHIO LOVEBIRD COASTERS,137,624,246,79,517,166
84951B,S/4 BLACK LOVEBIRD COASTERS,121,565,166,79,517,166
84951b,S/4 BLACK LOVEBIRD COASTERS,5,10,506,506,517,506
84952A,CLEAR LOVE BIRD T-LIGHT HOLDER,41,167,375,85,762,251
84952B,BLACK LOVE BIRD T-LIGHT HOLDER,48,427,375,85,762,251
84952C,MIRROR LOVE BIRD T-LIGHT HOLDER,47,413,375,85,762,375
84963A,PINK PAINTED KASHMIRI CHAIR,10,27,4995,1500,4995,4645
84963B,BLUE PAINTED KASHMIRI CHAIR,6,18,4995,1500,4995,4995
84967B,BLUE KASHMIRI OCCASIONAL TABLE,11,24,7995,2500,7995,7995
84968A,S/16 VINTAGE ROSE CUTLERY,208,533,1275,324,2604,1275
84968B,S/16 VINTAGE IVORY CUTLERY,138,432,1275,1095,2604,1275
84968C,S/16 VINTAGE PISTACHIO CUTLERY,196,644,1275,591,2604,1275
84968D,S/16 VINTAGE RED CUTLERY,108,474,1275,829,2604,1275
84968E,S/16 VINTAGE BLACK CUTLERY,98,387,1275,829,2604,1275
84968F,S/16 VINTAGE SKY BLUE CUTLERY,134,301,1275,324,2549,1275
84968a,S/16 VINTAGE ROSE CUTLERY,5,7,2549,2496,2549,2549
84968e,S/16 VINTAGE BLACK CUTLERY,14,17,2549,2496,2549,2549
84969,ASSORTED COLOUR SET 6 TEASPOONS,354,1000,425,329,865,425
84970L,SINGLE HEART ZINC T-LIGHT HOLDER,1115,17637,95,79,217,95
84970S,HANGING HEART ZINC T-LIGHT HOLDER,1463,26844,85,64,217,85
84970l,SINGLE HEART ZINC T-LIGHT HOLDER,71,247,208,208,213,208
84970s,HANGING HEART ZINC T-LIGHT HOLDER,103,387,208,208,213,208
84971L,LARGE HEART FLOWERS HOOK,62,588,125,106,257,125
84971S,SMALL HEART FLOWERS HOOK,478,6636,85,39,170,85
84972L,GIANT PINK HEART MEMO HOLDER,46,117,395,395,395,395
84974,S/2 ZINC HEART DESIGN PLANTERS,61,92,995,895,995,995
84975,HEART SHAPED MIRROR,221,2015,169,145,343,169
84976,RECTANGULAR SHAPED MIRROR,57,675,79,79,343,169
84977,WIRE FLOWER T-LIGHT HOLDER,45,224,125,125,257,125
84978,HANGING HEART JAR T-LIGHT HOLDER,1466,21903,125,106,295,125
84984A,GREEN PEONY DES C/COVER,17,266,465,125,1187,465
84984B,RED PEONY DES C/COVER,16,322,465,125,465,465
84984C,ORIENTAL BLUE C/COVER,16,232,465,125,1213,465
84984D,ORIENTAL RED C/COVER,21,159,465,125,1213,465
84985A,SET OF 72 GREEN PAPER DOILIES,163,655,145,145,304,145
84985B,SET OF 72 BLACK PAPER DOILIES,24,128,145,145,304,145
84985a,SET OF 72 GREEN PAPER DOILIES,8,10,298,298,298,298
84986B,SET OF 36 SILVER PAPER DOILIES,80,464,145,145,304,145
84986b,SET OF 36 SILVER PAPER DOILIES,5,6,298,298,298,298
84987,SET OF 36 TEATIME PAPER DOILIES,829,8154,145,125,383,145
84988,SET OF 72 PINK HEART PAPER DOILIES,1041,8404,145,125,383,145
84989A,75 GREEN FAIRY CAKE CASES,158,2123,55,42,130,55
84989B,75 BLACK FAIRY CAKE CASES,58,1010,55,42,130,55
84989a,75 GREEN FAIRY CAKE CASES,42,75,208,128,213,208
84989b,75 BLACK FAIRY CAKE CASES,6,10,128,128,128,128
84990,60 GOLD AND SILVER FAIRY CAKE CASES,204,4276,55,40,130,55
84991,60 TEATIME FAIRY CAKE CASES,2257,54716,55,40,213,55
84992,72 SWEETHEART FAIRY CAKE CASES,1565,35438,55,40,213,55
84993A,75 GREEN PETIT FOUR CASES,181,1498,42,42,86,42
84993B,75 BLACK PETIT FOUR CASES,89,565,42,42,86,42
84993a,75 GREEN PETIT FOUR CASES,30,51,83,83,85,83
84993b,75 BLACK PETIT FOUR CASES,13,20,85,84,85,85
84997A,GREEN 3 PIECE MINI DOTS CUTLERY SET,613,5265,375,229,829,375
84997B,RED 3 PIECE MINI DOTS CUTLERY SET,1059,9388,375,229,833,375
84997C,BLUE 3 PIECE MINI DOTS CUTLERY SET,983,8865,375,229,829,375
84997D,PINK 3 PIECE MINI DOTS CUTLERY SET,1134,10761,375,229,833,375
84997a,GREEN 3 PIECE MINI DOTS CUTLERY SET,81,178,829,762,847,829
84997b,RED 3 PIECE MINI DOTS CUTLERY SET,90,539,829,762,1313,829
84997c,BLUE 3 PIECE MINI DOTS CUTLERY SET,80,356,829,829,1313,829
84997d,PINK 3 PIECE MINI DOTS CUTLERY SET,86,390,829,762,1313,829
85006,SET 4 NURSERY DES ROUND BOXES,37,3049,295,31,591,295
85007,SET OF 3 VINTAGE TEA TIME BOXES,22,143,465,165,932,465
85008,SET OF 3 CONEY ISLAND OVAL BOXES,103,274,495,150,1039,495
85014A,BLACK/BLUE DOTS RUFFLED UMBRELLA,708,4665,595,300,1300,595
85014B,RED/WHITE DOTS RUFFLED UMBRELLA,921,6202,595,300,1300,595
85014C,BLUE/BROWN DOTS RUFFLED UMBRELLA,72,547,595,300,1300,595
85014D,PINK/BROWN DOTS RUFFLED UMBRELLA,91,1919,595,300,1300,595
85014a,BLACK/BLUE DOTS RUFFLED UMBRELLA,31,37,1272,1246,1272,1272
85014b,RED/WHITE DOTS RUFFLED UMBRELLA,39,45,1272,1246,1300,1272
85015,SET OF 12  VINTAGE POSTCARD SET,263,2925,65,65,257,251
85016,SET OF 6 VINTAGE NOTELETS KIT,170,1688,251,65,257,251
85017A,ENVELOPE 50 ROMANTIC IMAGES,181,1167,85,42,85,83
85017B,ENVELOPE 50 BLOSSOM IMAGES,327,2251,85,42,125,83
85017C,ENVELOPE 50 CURIOUS IMAGES,125,1097,85,42,85,85
85018A,S/6 PAPER BOXES ROMANTIC IMAGES,10,15,425,425,425,425
85018B,S/6 PAPER BOXES BLOSSOM IMAGES,10,15,425,425,425,425
85018D,YULETIDE IMAGES S/6 PAPER BOXES,86,799,255,85,517,255
85019A,ROMANTIC IMAGES NOTEBOOK SET,50,651,125,125,847,125
85019B,BLOSSOM  IMAGES NOTEBOOK SET,47,718,125,125,829,125
85019C,CURIOUS  IMAGES NOTEBOOK SET,26,426,425,125,847,425
85020,ROUND PINK HEART MIRROR,61,251,210,210,430,210
85023A,CRYSTAL LARGE JEWELLED PHOTO FRAME,10,22,255,255,255,255
85023B,EAU DE NILE JEWELLED PHOTOFRAME,38,293,255,210,255,255
85023C,PINK LARGE JEWELED PHOTOFRAME,12,23,255,255,255,255
85024B,EAU DE NILE JEWELLED PHOTOFRAME,21,218,165,145,165,165
85024C,PINK SMALL JEWELLED PHOTOFRAME,46,100,165,165,165,165
85025B,EAU DE NILE HEART SHAPE PHOTO FRAME,102,575,165,145,343,165
85025C,PINK HEART SHAPE PHOTO FRAME,133,729,165,145,343,165
85026B,EAU DE NILE JEWELLED T-LIGHT HOLDER,33,313,85,85,170,85
85027L,FRENCH CHATEAU LARGE PLATTER,41,191,195,195,795,195
85028L,FRENCH CHATEAU LARGE FRUIT BOWL,27,271,795,125,1613,795
85028S,FRENCH CHATEAU SMALL FRUITBOWL,34,430,495,125,1017,225
85030,FRENCH CHATEAU OVAL PLATTER,31,213,795,195,795,795
85031A,ROMANTIC IMAGES SCRAP BOOK SET,102,477,336,125,495,336
85031B,BLOSSOM IMAGES SCRAP BOOK SET,86,497,336,125,495,336
85031C,CURIOUS IMAGES SCRAP BOOK SET,107,481,336,125,495,336
85032A,ROMANTIC IMAGES GIFT WRAP SET,163,1448,65,65,430,65
85032B,BLOSSOM IMAGES GIFT WRAP SET,153,994,65,65,421,65
85032C,CURIOUS IMAGES GIFT WRAP SET,165,894,65,65,421,163
85032D,YULETIDE IMAGES GIFT WRAP SET,147,1193,65,65,210,166
85033G,SET/6 GOLD REINDEER T-LIGHT CANDLES,33,236,430,65,430,195
85033S,SET/6 SILVER REINDEER T-LIGHTS,52,260,65,65,430,65
85034A,3 GARDENIA MORRIS BOXED CANDLES,149,859,425,125,865,425
85034B,3 WHITE CHOC MORRIS BOXED CANDLES,158,1195,125,125,865,329
85034C,3 ROSE MORRIS BOXED CANDLES,212,1325,125,125,865,125
85035A,GARDENIA 3 WICK MORRIS BOXED CANDLE,194,663,425,125,865,425
85035B,CHOCOLATE 3 WICK MORRIS BOX CANDLE,140,999,425,125,847,425
85035C,ROSE 3 WICK MORRIS BOX CANDLE,212,1380,425,125,847,425
85035b,CHOCOLATE 3 WICK MORRIS BOX CANDLE,6,6,847,847,847,847
85036A,GARDENIA 1 WICK MORRIS BOXED CANDLE,183,638,425,125,847,425
85036B,CHOCOLATE 1 WICK MORRIS BOX CANDLE,91,612,425,50,425,381
85036C,ROSE 1 WICK MORRIS BOXED CANDLE,140,898,425,50,829,425
85038,6 CHOCOLATE LOVE HEART T-LIGHTS,413,2905,210,169,430,210
85039A,SET/4 RED MINI ROSE CANDLE IN BOWL,260,1466,163,42,343,163
85039B,S/4 IVORY MINI ROSE CANDLE IN BOWL,274,1666,163,42,336,165
85039C,S/4 BLACK MINI ROSE CANDLE IN BOWL,121,546,163,42,343,165
85039a,SET/4 RED MINI ROSE CANDLE IN BOWL,47,67,329,329,336,329
85040A,S/4 PINK FLOWER CANDLES IN BOWL,424,2090,165,145,343,165
85040B,SET/4 BLUE FLOWER CANDLES IN BOWL,268,2480,165,145,343,165
85040a,S/4 PINK FLOWER CANDLES IN BOWL,34,51,329,329,343,329
85041,SET/4 PINK ORCHID CANDLES IN BOWL,100,1858,165,108,343,165
85042,ANTIQUE LILY FAIRY LIGHTS,297,2686,495,425,1126,495
85044,RED REINDEER STRING OF 20 LIGHTS,41,150,495,425,1126,495
85045,GREEN CHRISTMAS TREE STRING 20LIGHT,87,476,495,425,1126,495
85047,WHITE BEADED GARLAND STRING 20LIGHT,243,1054,635,555,1300,635
85048,15CM CHRISTMAS GLASS BALL 20 LIGHTS,551,2755,795,695,1735,795
85049A,TRADITIONAL CHRISTMAS RIBBONS,722,6337,125,106,295,125
85049B,LUSH GREENS RIBBONS,346,2136,125,106,257,125
85049C,ROMANTIC PINKS RIBBONS,524,3037,125,106,257,125
85049D,BRIGHT BLUES RIBBONS,418,2378,125,106,257,125
85049E,SCANDINAVIAN REDS RIBBONS,893,6524,125,106,325,125
85049F,BABY BOOM RIBBONS,327,2140,125,106,257,125
85049G,CHOCOLATE BOX RIBBONS,546,3902,125,106,257,125
85049H,URBAN BLACK RIBBONS,343,2076,125,42,257,125
85049a,TRADITIONAL CHRISTMAS RIBBONS,53,499,329,329,336,329
85049e,SCANDINAVIAN REDS RIBBONS,63,297,329,251,336,329
85049g,CHOCOLATE BOX RIBBONS,52,115,246,163,251,246
85053,FRENCH ENAMEL CANDLEHOLDER,397,2046,210,169,430,210
85054,FRENCH ENAMEL POT W LID,214,923,295,125,604,295
85055,FRENCH ENAMEL UTENSIL HOLDER,116,371,375,295,778,375
85059,FRENCH ENAMEL WATER BASIN,214,702,375,125,778,375
85060,WOOD FAN WITH FLOWER DESIGN,88,1448,125,106,257,125
85061W,WHITE JEWELLED HEART DECORATION,503,6440,85,64,170,85
85062,PEARL CRYSTAL PUMPKIN T-LIGHT HLDR,365,4049,165,145,257,165
85063,CREAM SWEETHEART MAGAZINE RACK,182,310,1695,1495,3126,1695
85064,CREAM SWEETHEART LETTER RACK,296,1789,545,388,1126,545
85065,CREAM SWEETHEART TRAYS,260,624,1275,995,2604,1275
85066,CREAM SWEETHEART MINI CHEST,963,3148,1275,793,2604,1275
85067,CREAM SWEETHEART WALL CABINET,182,504,1895,1289,3909,1895
85068,CREAM SWEETHEART SHELF + HOOKS,200,961,795,537,1613,795
85071A,BLUE CHARLIE+LOLA PERSONAL DOORSIGN,151,1914,39,38,579,39
85071B,RED CHARLIE+LOLA PERSONAL DOORSIGN,174,2448,39,38,591,39
85071C,"CHARLIE+LOLA""EXTREMELY BUSY"" SIGN",143,1291,39,38,506,83
85071D,CHARLIE+LOLA MY ROOM DOOR SIGN,115,890,39,38,517,39
85078,SCANDINAVIAN 3 HEARTS NAPKIN RING,166,2284,163,19,604,65
85079,EMBROIDERED REINDEER DECORATION,10,24,85,85,212,85
85080,PADDED RED HEART DECORATION,23,114,42,42,125,42
85081,PADDED HOLLY CHRISTMAS DECORATION,25,107,42,42,125,42
85084,HOLLY TOP CHRISTMAS STOCKING,88,684,85,85,430,85
85086A,CANDY SPOT HEART DECORATION,153,587,166,83,170,85
85087,CANDY SPOT CUSHION COVER,147,421,329,255,865,329
85088,CANDY SPOT HAND BAG,79,347,210,163,421,210
85089,CANDY SPOT BUNNY,32,104,295,255,604,295
85090,CANDY SPOT APRON,54,106,465,465,952,465
85091,CANDY SPOT BREAD BASKETS,20,343,495,85,1039,495
85092,CANDY SPOT TEA COSY,24,391,335,125,691,335
85093,CANDY SPOT EGG WARMER HARE,155,1363,83,38,257,83
85094,CANDY SPOT EGG WARMER RABBIT,111,763,83,19,257,83
85095,THREE CANVAS LUGGAGE TAGS,50,175,128,65,413,128
85096,HILDA CANDY SPOT RABBIT,70,167,375,375,762,375
85097B,BLUE ROCKING SINGING CANARY,42,107,375,375,778,375
85098B,BLUE FLYING SINGING CANARY,115,366,375,295,778,375
85099B,JUMBO BAG RED WHITE SPOTTY,4124,98349,195,165,506,195
85099C,JUMBO  BAG BAROQUE BLACK WHITE,1926,31249,195,165,506,195
85099F,JUMBO BAG STRAWBERRY,1885,37124,195,165,506,195
85099b,JUMBO BAG RED RETROSPOT,25,419,506,421,506,506
85099c,JUMBO  BAG BAROQUE BLACK WHITE,10,17,506,421,506,506
85099f,JUMBO BAG STRAWBERRY,27,213,506,496,506,506
85103,SILVER T-LIGHT SETTING,88,319,675,579,1387,675
85104,SILVER GLASS T-LIGHT SET,60,359,295,125,591,295
85106,CUT GLASS HEXAGON T-LIGHT HOLDER,66,1208,255,85,421,255
85107,CUT GLASS T-LIGHT HOLDER OCTAGON,78,1231,255,85,506,255
85109,PINK BOUDOIR T-LIGHT HOLDER,20,4211,85,7,166,85
85110,BLACK SILVER FLOWER T-LIGHT HOLDER,23,11520,19,7,170,85
85111,SILVER GLITTER FLOWER VOTIVE HOLDER,81,2931,29,29,251,29
85112,S/3 TEAR DROP CUT GLASS DECORATION,35,466,125,50,257,125
85113,POLKA DOT PISTACHIO PAIL,49,285,210,169,430,210
85114A,BLACK ENCHANTED FOREST PLACEMAT,107,1410,165,145,336,165
85114B,IVORY ENCHANTED FOREST PLACEMAT,235,2076,165,145,343,165
85114C,RED ENCHANTED FOREST PLACEMAT,174,1221,165,145,343,165
85114a,BLACK ENCHANTED FOREST PLACEMAT,17,56,329,329,343,329
85114b,IVORY ENCHANTED FOREST PLACEMAT,19,56,329,329,343,329
85114c,RED ENCHANTED FOREST PLACEMAT,43,188,329,329,343,329
85116,BLACK CANDELABRA T-LIGHT HOLDER,197,2040,166,64,210,166
85117,NIGHTINGALE COATHOOK WHITE,62,351,165,145,343,165
85118,HEART T-LIGHT HOLDER,86,2132,125,38,257,125
85119,WATERING CAN SINGLE HOOK PISTACHIO,41,414,169,110,336,169
85121B,RETRO LAUNDRY TUB PINK,48,86,850,850,1735,850
85121C,RETRO LAUNDRY TUB PISTACHIO,53,98,850,850,1735,850
85123A,WHITE HANGING HEART T-LIGHT HOLDER,5686,96147,295,190,604,295
85123a,WHITE HANGING HEART T-LIGHT HOLDER,101,597,663,591,677,663
85124A,PINK JUICY FRUIT PHOTO FRAME,95,377,255,210,517,255
85124B,BLUE JUICY FRUIT PHOTO FRAME,105,366,255,210,506,255
85124C,GREEN JUICY FRUIT PHOTO FRAME,127,449,255,210,517,255
85124a,PINK JUICY FRUIT PHOTO FRAME,9,10,506,506,506,506
85125,SMALL ROUND CUT GLASS CANDLESTICK,66,317,495,329,1017,495
85126,LARGE ROUND CUTGLASS CANDLESTICK,36,157,675,595,1357,675
85127,SMALL SQUARE CUT GLASS CANDLESTICK,89,292,495,329,1039,495
85129A,"WHITE PEARL BEADED HEART, SMALL",81,445,125,125,257,125
85129B,BEADED CRYSTAL HEART GREEN SMALL,60,254,125,106,251,125
85129C,BEADED CRYSTAL HEART BLUE SMALL,70,420,125,106,257,125
85129D,BEADED CRYSTAL HEART PINK SMALL,175,800,125,106,257,246
85130A,BEADED PEARL HEART WHITE LARGE,93,737,165,145,343,165
85130B,BEADED CRYSTAL HEART GREEN LARGE,84,912,79,79,343,112
85130C,BEADED CRYSTAL HEART BLUE  LARGE,71,684,79,79,343,79
85130D,BEADED CRYSTAL HEART PINK LARGE,112,795,165,79,343,165
85131A,BEADED PEARL HEART WHITE ON STICK,205,2083,83,38,257,85
85131B,BEADED CRYSTAL HEART GREEN ON STICK,226,980,83,38,257,83
85131C,BEADED CRYSTAL HEART BLUE ON STICK,75,447,83,38,251,83
85131D,BEADED CRYSTAL HEART PINK\ON STICK,277,1466,83,38,251,83
85132A,CHARLIE + LOLA BISCUITS TINS,260,1365,195,195,2170,847
85132B,CHARLIE AND LOLA TABLE TINS,126,922,195,195,995,195
85132C,CHARLIE AND LOLA FIGURES TINS,310,2069,195,195,995,579
85132a,CHARLIE + LOLA BISCUITS TINS,12,12,829,829,2170,1476
85132b,CHARLIE AND LOLA TABLE TINS,10,10,829,829,2123,829
85135A,YELLOW DRAGONFLY HELICOPTER,65,96,795,650,865,795
85135B,BLUE DRAGONFLY HELICOPTER,134,174,795,795,865,795
85135C,RED DRAGONFLY HELICOPTER,123,179,795,795,865,795
85136A,YELLOW SHARK HELICOPTER,119,156,795,795,865,795
85136B,BLUE SHARK HELICOPTER,47,59,795,795,865,795
85136C,RED SHARK HELICOPTER,130,190,795,795,865,795
85141,JARDIN ETCHED GLASS FRUITBOWL,82,191,1075,395,1075,1075
85142,JARDIN ETCHED GLASS GINGER JAR,38,61,795,795,1648,795
85144,JARDIN ETCHED GLASS BUTTER DISH,76,291,725,195,725,725
85145,JARDIN ETCHED GLASS LARGE BELL JAR,31,92,1275,395,1275,1275
85146,JARDIN ETCHED GLASS SMALL BELL JAR,31,118,595,195,1187,595
85147,JARDIN ETCHED GLASS CANDLEHLDR LONG,19,61,495,495,495,495
85150,LADIES & GENTLEMEN METAL SIGN,1151,8519,255,169,517,255
85151,WELCOME METAL SIGN,8,44,125,125,125,125
85152,HAND OVER THE CHOCOLATE   SIGN,1512,16645,210,140,500,210
85159A,"BLACK TEA,COFFEE,SUGAR JARS",83,494,195,125,1300,195
85159B,"WHITE TEA,COFFEE,SUGAR JARS",88,659,195,125,1300,195
85160A,WHITE BIRD GARDEN DESIGN MUG,32,8816,125,13,1648,125
85160B,BLACK BIRD GARDEN DESIGN MUG,37,6155,39,13,1648,125
85161,ACRYLIC GEOMETRIC LAMP,33,51,1895,1246,3826,1895
85162A,SILVER RETRODISC LAMPSHADE,20,607,195,195,1126,195
85162B,BLACK RETRODISC LAMPSHADE,13,977,195,195,195,195
85162C,WHITE RETRODISC LAMPSHADE,46,904,195,195,1126,195
85163A,WHITE BAROQUE WALL CLOCK,58,104,1275,395,2549,1275
85163B,BLACK BAROQUE WALL CLOCK,66,115,1275,395,2604,1275
85164B,BLACK BAROQUE CUCKOO CLOCK,65,140,1275,850,2604,1275
85165,CANDY PINK FRENCH BOUDOIR CLOCK,58,90,847,847,2083,847
85166A,WHITE METAL BAROQUE PHOTO FRAME,12,77,375,125,778,375
85166B,BLACK METAL BAROQUE PHOTO FRAME,38,510,375,125,778,375
85167A,WHITE GRAND BAROQUE PHOTO FRAME,14,176,425,125,865,425
85167B,BLACK GRAND BAROQUE PHOTO FRAME,64,727,425,125,865,425
85168A,WHITE BAROQUE CARRIAGE CLOCK,15,22,995,995,995,995
85168B,BLACK BAROQUE CARRIAGE CLOCK,53,73,829,829,2038,847
85169A,IVORY LOVE BIRD CANDLE,162,1284,125,42,257,125
85169B,BLACK LOVE BIRD CANDLE,102,483,125,42,257,125
85169C,EAU DE NIL LOVE BIRD CANDLE,72,506,125,42,257,125
85169D,PINK LOVE BIRD CANDLE,89,522,125,42,257,125
85170A,SET/6 IVORY BIRD T-LIGHT CANDLES,85,849,210,85,430,210
85170B,SET/6 BLACK BIRD T-LIGHT CANDLES,62,293,210,85,430,210
85170C,SET/6 EAU DE NIL BIRD T-LIGHTS,109,549,210,85,430,246
85170D,SET/6 PINK BIRD T-LIGHT CANDLES,155,727,210,85,430,246
85172,HYACINTH BULB T-LIGHT CANDLES,159,4479,42,36,1300,42
85173,SET/6 FROG PRINCE T-LIGHT CANDLES,154,1021,255,79,517,255
85174,S/4 CACTI CANDLES,390,1534,495,195,1126,495
85175,CACTI T-LIGHT CANDLES,455,15922,42,27,1387,42
85176,SEWING SUSAN 21 NEEDLE SET,316,2776,85,64,170,85
85177,BASKET OF FLOWERS SEWING KIT,149,1838,85,64,166,85
85178,VICTORIAN SEWING KIT,335,5628,125,79,257,125
85179A,GREEN BITTY LIGHT CHAIN,74,222,246,125,932,246
85179B,WHITE BITTY LIGHT CHAIN,46,247,465,381,952,465
85179C,PINK BITTY LIGHT CHAIN,40,116,246,125,932,246
85180A,RED HEARTS LIGHT CHAIN,100,629,465,125,932,465
85180B,PINK HEARTS LIGHT CHAIN,70,365,465,125,952,465
85183A,CHARLIE & LOLA WASTEPAPER BIN BLUE,143,1512,125,75,778,125
85183B,CHARLIE & LOLA WASTEPAPER BIN FLORA,175,1775,125,75,778,125
85184B,SET 4 EASTER DECOUPAGE OVAL BOXES,7,14,295,295,295,295
85184C,S/4 VALENTINE DECOUPAGE HEART BOX,357,2296,295,125,604,295
85184D,S/4 BLUE ROUND DECOUPAGE BOXES,67,8312,295,42,604,295
85184c,S/4 VALENTINE DECOUPAGE HEART BOX,6,6,591,579,604,591
85185B,PINK HORSE SOCK PUPPET,207,628,295,255,604,295
85185C,COW  SOCK PUPPET,29,58,295,295,295,295
85185D,FROG SOCK PUPPET,70,199,295,255,604,295
85185F,LION SOCK PUPPET,20,37,295,295,295,295
85186A,EASTER BUNNY GARLAND OF FLOWERS,165,1548,42,42,85,42
85186C,BUNNY EGG GARLAND,156,1400,42,42,85,42
85187,S/12 MINI RABBIT EASTER,114,481,165,145,336,165
85188A,GREEN METAL SWINGING BUNNY,106,945,85,72,170,85
85188B,PINK METAL SWINGING BUNNY,77,749,85,85,166,85
85189,HANGING BUTTERFLY  EGG,70,1180,85,72,166,85
85190,PINK FLOWER HANGING HEART,18,140,85,85,343,85
85194L,HANGING SPRING FLOWER EGG LARGE,149,1820,85,72,166,85
85194S,HANGING SPRING FLOWER EGG SMALL,133,1760,65,19,166,65
85195,HANGING HEART BASKET,17,146,210,169,430,210
85196,EASTER BUNNIES ON A STICK,71,1564,55,42,847,55
85197,SET OF 12 MINI BUNNIES IN A BUCKET,79,1673,210,25,210,210
85198,ASSORTED FARMYARD ANIMALS IN BUCKET,54,3871,85,30,166,85
85199L,LARGE HANGING IVORY & RED WOOD BIRD,281,3545,65,53,130,65
85199S,SMALL HANGING IVORY/RED WOOD BIRD,518,6156,42,36,85,42
85200,BUNNY EGG BOX,107,1047,125,85,251,125
85202,HANGING WOOD AND FELT HEART,228,1225,42,36,86,42
85203,HANGING WOOD AND FELT BUTTERFLY,235,1469,42,36,86,42
85204,HANGING WOOD AND FELT FLOWER,160,2360,42,12,86,42
85205A,IVORY FELT EASTER RABBIT GARLAND,23,66,255,255,255,255
85205B,PINK FELT EASTER RABBIT GARLAND,62,241,255,255,517,255
85206A,CREAM FELT EASTER EGG BASKET,327,2358,165,145,395,165
85206B,PINK FELT EASTER EGG BASKET,187,1543,165,145,336,165
85208,SET/12 FUNKY FELT FLOWER PEG IN BAG,94,429,210,163,421,210
85211,S/4 GROOVY CAT MAGNETS,79,307,165,79,343,165
85212,MINI PAINTED GARDEN DECORATION,126,2872,29,21,170,85
85213,MINI  ZINC GARDEN DECORATIONS,82,1391,85,29,170,85
85214,TUB 24 PINK FLOWER PEGS,178,533,165,163,343,165
85215,ASSORTED CHEESE FRIDGE MAGNETS,71,850,65,53,778,65
85216,ASSORTED CAKES FRIDGE MAGNETS,190,2867,65,53,778,65
85217,ASSORTED ICE CREAM FRIDGE MAGNETS,166,2875,65,53,778,65
85220,SMALL FAIRY CAKE FRIDGE MAGNETS,5,12236,145,30,165,145
85221,ASSORTED COLOUR SILK COIN PURSE,48,3558,125,38,257,125
85222,ASSORTED COLOUR SILK COSMETIC PURSE,53,1407,210,65,430,210
85224,ASSORTED COLOUR SILK GLASSES CASE,67,2008,210,38,430,210
85225,BLING KEY RING STAND,11,19,125,100,125,125
85226A,WHITE/BLUE PULL BACK RACING CAR,153,1717,55,42,170,55
85226C,BLUE PULL BACK RACING CAR,85,991,55,42,170,55
85227,SET/6 3D KIT CARDS FOR KIDS,485,3553,85,64,170,85
85230A,OPIUM SCENTED VOTIVE CANDLE,48,1992,29,21,29,29
85230B,CINNAMON SCENTED VOTIVE CANDLE,72,2216,29,21,29,29
85230E,STRAWBRY SCENTED VOTIVE CANDLE,66,2445,29,21,29,29
85230F,JASMINE VOTIVE CANDLE,63,2970,29,21,29,29
85230G,ORANGE VOTIVE CANDLE,48,1728,29,21,29,29
85231B,CINAMMON SET OF 9 T-LIGHTS,411,2156,85,72,170,85
85231E,STRAWBERRY SCENTED SET/9 T-LIGHTS,108,836,85,72,170,85
85231G,ORANGE SCENTED SET/9 T-LIGHTS,269,1496,85,72,170,85
85231L,LAVENDER SCENTED SET/9 T-LIGHTS,120,1043,85,72,170,85
85231g,ORANGE SCENTED SET/9 T-LIGHTS,6,6,163,163,163,163
85232A,SET/3 POLKA DOT STACKING TINS,140,376,495,425,1017,495
85232B,SET/3 RUSSIAN DOLL STACKING TINS,556,3088,495,425,1039,495
85232D,SET/3 DECOUPAGE STACKING TINS,237,724,495,425,1039,495
85232b,SET/3 RUSSIAN DOLL STACKING TINS,22,25,1017,1017,1039,1017
90000A,RASPBERRY ANT COPPER FLOWER NECKLAC,21,33,595,595,650,595
90000B,MIDNIGHT BLUE COPPER FLOWER NECKLAC,22,30,595,595,650,609
90000D,COPPER/OLIVE GREEN FLOWER NECKLACE,36,54,595,595,650,623
90001A,ANTIQUE RASPBERRY FLOWER EARRINGS,10,11,425,415,433,425
90001B,ANTIQUE MID BLUE FLOWER EARRINGS,10,13,425,415,425,425
90001C,ANTIQUE OPAL WHITE FLOWER EARRINGS,11,12,425,415,433,425
90001D,ANTIQUE OLIVE GREEN FLOWER EARRINGS,12,21,425,424,425,425
90002A,FLOWER BURST SILVER RING OPAL,17,39,375,375,375,375
90002B,FLOWER BURST SILVER RING ROSE,11,22,375,375,381,375
90002C,FLOWER BURST SILVER RING MIDN'T BLU,19,33,375,375,390,375
90002D,FLOWER BURST SILVER RING CRYSTAL,37,110,375,325,390,375
90002E,FLOWER BURST SILVER RING GREEN,11,18,375,375,390,375
90003B,ROSE COLOUR PAIR HEART HAIR SLIDES,27,45,381,373,390,375
90003C,MIDNIGHT BLUE PAIR HEART HAIR SLIDE,37,53,373,373,390,375
90003D,CRYSTAL PAIR HEART HAIR SLIDES,32,60,375,373,390,375
90003E,GREEN PAIR HEART HAIR SLIDES,24,35,373,373,390,375
90005A,JADE GREEN ENAMEL HAIR COMB,59,108,211,195,216,211
90010A,MIDNIGHT BLUE GLASS/SILVER BRACELET,31,50,895,250,998,895
90010B,BLACK/WHITE GLASS/SILVER BRACELET,36,65,895,895,998,895
90010E,AMBER GLASS/SILVER BRACELET,36,60,895,250,955,895
90011A,MIDNIGHT BLUE CRYSTAL DROP EARRINGS,15,15,296,290,303,296
90011B,BLACK CRYSTAL DROP EARRINGS,15,20,295,290,303,295
90011C,GREEN CRYSTAL DROP EARRINGS,7,12,296,290,296,295
90011D,PURPLE CRYSTAL DROP EARRINGS,5,5,296,290,303,296
90011E,AMBER CRYSTAL DROP EARRINGS,8,8,296,290,303,295
90012A,MIDNIGHT BLUE DROP CRYSTAL NECKLACE,7,13,1020,295,1042,998
90012B,BLACK DROP CRYSTAL NECKLACE,6,17,995,295,1020,995
90013A,MIDNIGHT BLUE VINTAGE EARRINGS,79,118,381,373,390,381
90013B,BLACK VINTAGE EARRINGS,82,108,424,375,433,424
90013C,GREEN VINTAGE EARRINGS,60,92,424,375,433,424
90013D,PURPLE VINTAGE EARRINGS,17,46,375,375,424,415
90014A,SILVER/MOP ORBIT NECKLACE,40,55,995,295,1085,995
90014B,GOLD M PEARL  ORBIT NECKLACE,30,36,995,295,1085,995
90014C,SILVER/BLACK ORBIT NECKLACE,20,29,995,295,1062,995
90016A,SILVER/M.O.P PENDANT ORBIT NECKLACE,16,29,850,425,868,850
90016B,GOLD/M.O.P PENDANT ORBIT NECKLACE,30,37,850,832,850,850
90016C,SILVER/BLACK PENDANT ORBIT NECKLACE,14,17,849,832,868,849
90018A,SILVER M.O.P ORBIT DROP EARRINGS,59,79,415,415,433,424
90018B,GOLD M.O.P ORBIT DROP EARRINGS,33,41,424,415,433,424
90018C,SILVER BLACK ORBIT DROP EARRINGS,20,28,425,415,433,424
90019A,SILVER M.O.P ORBIT BRACELET,52,70,495,495,563,540
90019B,GOLD M.O.P ORBIT BRACELET,29,33,540,495,551,540
90019C,SILVER BLACK ORBIT BRACELET,36,42,551,495,563,551
90022,EDWARDIAN DROP EARRINGS JET BLACK,37,42,381,373,390,375
90023,FILIGREE DIAMANTE EARRINGS,22,32,425,415,433,425
90024B,NEW BAROQUE B'FLY NECKLACE RED,23,26,850,832,868,849
90024C,NEW BAROQUE B'FLY NECKLACE GREEN,11,12,850,832,868,850
90024D,NEW BAROQUE B'FLY NECKLACE PINK,13,15,850,832,868,850
90024E,NEW BAROQUE B'FLY NECKLACE MONTANA,11,16,850,832,868,850
90024F,NEW BAROQUE B'FLY NECKLACE CRYSTAL,6,8,849,832,850,849
90025C,BAROQUE BUTTERFLY EARRINGS GREEN,6,6,375,375,381,375
90025D,BAROQUE BUTTERFLY EARRINGS PINK,5,5,373,373,375,373
90025E,BAROQUE BUTTERFLY EARRINGS MONTANA,7,7,375,373,390,375
90025F,BAROQUE BUTTERFLY EARRINGS CRYSTAL,8,8,375,373,390,375
90026A,GLASS BEAD HOOP NECKLACE BLACK,9,11,850,849,850,850
90026B,GLASS BEAD HOOP NECKLACE MONTANA,7,8,850,832,850,850
90026C,GLASS BEAD HOOP NECKLACE GREEN,6,8,850,832,850,850
90026D,GLASS BEAD HOOP NECKLACE AMETHYST,8,10,850,850,850,850
90027A,GLASS BEAD HOOP EARRINGS BLACK,7,10,295,290,296,295
90027B,GLASS BEAD HOOP EARRINGS MONTANA,10,13,295,290,296,295
90027C,GLASS BEAD HOOP EARRINGS GREEN,12,14,290,290,303,295
90027D,GLASS BEAD HOOP EARRINGS AMETHYST,16,23,295,295,346,332
90028,NEW BAROQUE LARGE NECKLACE BLK/WHIT,27,32,849,832,868,849
90029,NEW BAROQUE SMALL NECKLACE BLACK,12,23,850,832,850,850
90030A,SPOTTED WHITE NATURAL SEED NECKLACE,10,79,100,100,607,100
90030B,RED KUKUI COCONUT SEED NECKLACE,37,140,100,100,607,594
90030C,BROWN KUKUI COCONUT SEED NECKLACE,17,88,100,100,607,582
90031,BILI NUT AND WOOD NECKLACE,9,52,100,100,607,100
90032,IVORY SHELL HEART NECKLACE,24,48,625,313,625,625
90033,IVORY SHELL HEART EARRINGS,19,23,248,248,259,254
90034,WHITE SILVER NECKLACE SHELL GLASS,6,6,995,995,1041,1008
90035A,"PEARL & SHELL 42""NECKL. GREEN",16,24,1075,1062,1085,1075
90035C,"PEARL & SHELL 42""NECKL. IVORY",5,28,1075,1075,1075,1075
90036A,FLOWER GARLAND NECKLACE RED,20,27,795,795,824,795
90036B,"FLOWER GLASS GARLAND NECKL.36""GREEN",10,18,795,795,795,795
90036C,"FLOWER GLASS GARLAND NECKL.36""BLUE",15,31,795,790,824,795
90036D,"FLOWER GLASS GARLAND NECKL.36""BLACK",17,39,795,790,807,795
90036E,"FLOWER GLASS GARLD NECKL36""AMETHYST",28,45,795,790,824,795
90036F,"FLOWER GLASS GARLD NECKL36""TURQUOIS",17,26,807,795,824,807
90037A,TINY CRYSTAL BRACELET RED,12,26,254,248,259,255
90037B,TINY CRYSTAL BRACELET GREEN,10,28,255,248,255,254
90037C,TINY CRYSTAL BRACELET BLUE,14,27,255,248,259,254
90037D,TINY CRYSTALS BRACELET BLACK,8,14,259,254,259,257
90038A,GLASS AND PAINTED BEADS BRACELET TO,22,36,373,373,390,375
90038B,GLASS AND PAINTED BEADS BRACELET OL,13,21,373,373,390,375
90038C,GLASS AND BEADS BRACELET IVORY,9,19,375,373,390,375
90039A,FIRE POLISHED GLASS BRACELET RED,5,10,375,373,390,375
90039B,FIRE POLISHED GLASS BRACELET MONTAN,12,22,381,373,381,378
90039C,FIRE POLISHED GLASS BRACELET BLACK,13,24,381,373,390,375
90039D,FIRE POLISHED GLASS BRACELET GREEN,25,44,381,373,390,381
90040A,MURANO STYLE GLASS BRACELET RED,34,53,424,350,433,424
90040B,MURANO STYLE GLASS BRACELET BLACK,38,73,350,350,390,373
90040C,MURANO STYLE GLASS BRACELET GOLD,22,42,350,350,390,373
90040D,MURANO STYLE GLASS BRACELET PINK,25,41,350,350,390,381
90041,PEARL AND CHERRY QUARTZ BRACLET,6,7,350,350,390,373
90042A,FRESHWATER PEARL BRACELET GOLD,33,63,254,254,259,254
90042B,FRESHWATER PEARL BRACELET PINK,6,17,255,255,255,255
90042C,FRESHWATER PEARL BRACELET IVORY,26,59,254,254,255,254
90043,COPPER AND BRASS BAG CHARM,6,10,495,495,996,495
90046,WHITE WITH METAL BAG CHARM,7,13,495,495,495,495
90048,GREEN WITH METAL BAG CHARM,8,31,495,495,1039,495
90049,IVORY GOLD METAL BAG CHARM,6,20,495,495,1017,745
90050,CRACKED GLAZE NECKLACE IVORY,7,11,695,695,722,695
90051,CRACKED GLAZE NECKLACE RED,13,17,695,695,722,695
90052,CRACKED GLAZE NECKLACE BROWN,5,7,707,695,737,707
90053,CRACKED GLAZE EARRINGS IVORY,11,11,254,248,255,254
90054,CRACKED GLAZE EARRINGS RED,19,19,254,248,259,254
90055,CRACKED GLAZE EARRINGS BROWN,10,10,254,248,259,254
90056,CHUNKY CRACKED GLAZE NECKLACE IVORY,15,20,1105,1075,1129,1105
90057,DIAMANTE RING ASSORTED IN BOX.,37,1804,125,125,375,125
90058A,CRYSTAL STUD EARRINGS CLEAR DISPLAY,13,576,38,38,38,38
90058B,CRYSTAL STUD EARRINGS ASSORTED COL,30,1118,38,38,106,38
90059A,DIAMANTE HAIR GRIP PACK/2 CRYSTAL,50,96,169,165,172,169
90059B,DIAMANTE HAIR GRIP PACK/2 BLACK DIA,19,31,169,165,169,169
90059C,DIAMANTE HAIR GRIP PACK/2 MONTANA,24,42,165,165,172,165
90059D,DIAMANTE HAIR GRIP PACK/2 PERIDOT,41,65,165,165,172,169
90059E,DIAMANTE HAIR GRIP PACK/2 RUBY,35,57,165,165,172,165
90059F,DIAMANTE HAIR GRIP PACK/2 LT ROSE,27,48,165,165,172,165
90060B,FIRE POLISHED GLASS NECKL GOLD,5,7,595,595,595,595
90060D,FIRE POLISHED GLASS NECKL BRONZE,9,13,595,595,595,595
90060F,FIRE POLISHED GLASS NECKL GREEN,20,30,595,582,607,594
90062,CARNIVAL BRACELET,114,208,1275,250,1303,1275
90063A,WHITE VINT ART DECO CRYSTAL NECKLAC,13,21,850,849,850,850
90063B,BLACK VINT ART DEC CRYSTAL NECKLACE,14,20,850,832,868,850
90064A,WHITE VINTAGE CRYSTAL EARRINGS,12,20,424,375,424,415
90064B,BLACK VINTAGE  CRYSTAL EARRINGS,12,21,375,375,375,375
90065A,WHITE VINTAGE CRYSTAL BRACELET,17,28,675,675,737,675
90065B,BLACK VINT ART DEC CRYSTAL BRACELET,18,24,675,675,737,675
90067A,PINK VINTAGE VICTORIAN EARRINGS,16,33,295,290,296,295
90067B,BROWN VINTAGE VICTORIAN EARRINGS,6,16,295,290,296,295
90069,RUBY GLASS CLUSTER NECKLACE,5,11,750,750,750,750
90070,RUBY GLASS CLUSTER BRACELET,35,63,595,595,650,623
90071,RUBY GLASS CLUSTER EARRINGS,76,92,126,123,129,126
90072,RUBY DROP CHANDELIER EARRINGS,30,44,424,375,433,419
90073,VINTAGE ENAMEL & CRYSTAL EARRINGS,36,52,509,495,520,509
90074,BLACK DIAMOND CLUSTER NECKLACE,7,8,895,895,977,895
90075,MONTANA DIAMOND CLUSTER NECKLACE,8,10,895,895,977,895
90076,MONTANA DIAMOND CLUSTER EARRINGS,7,12,296,255,296,296
90077,BLACK DIAMOND CLUSTER EARRINGS,6,6,296,255,303,296
90078,PINK/WHITE GLASS DEMI CHOKER,5,9,750,750,764,750
90079,VINTAGE ENAMEL & CRYSTAL NECKLACE,13,21,495,495,509,495
90081A,LILY BROOCH AMETHYST COLOUR,26,51,495,495,520,495
90081C,LILY BROOCH OLIVE COLOUR,37,51,495,495,520,498
90082A,DIAMANTE BOW BROOCH GREEN COLOUR,33,60,635,635,679,635
90082B,DIAMANTE BOW BROOCH RED COLOUR,31,68,635,635,635,635
90082D,DIAMANTE BOW BROOCH BLACK COLOUR,56,111,635,635,694,635
90083,CRYSTAL CZECH CROSS PHONE CHARM,15,52,163,19,170,163
90084,PINK CRYSTAL GUITAR PHONE CHARM,9,64,85,85,85,85
90085,CRYSTAL STILETTO PHONE CHARM,31,313,85,85,170,85
90086,CRYSTAL FROG PHONE CHARM,49,219,163,19,166,163
90087,CRYSTAL SEA HORSE PHONE CHARM,55,313,163,19,170,163
90088,CRYSTAL KEY+LOCK PHONE CHARM,14,101,85,85,170,85
90089,PINK CRYSTAL SKULL PHONE CHARM,28,117,85,19,170,163
90090,PINK CRYSTAL HEART PHONE CHARM,25,263,85,85,170,85
90092,BLUE CRYSTAL BOOT PHONE CHARM,12,102,85,85,166,85
90093,CLEAR CRYSTAL STAR PHONE CHARM,26,210,85,19,170,85
90094,NECKLACE+BRACELET SET FRUIT SALAD,41,76,255,251,255,255
90096,NECKLACE+BRACELET SET BLUE BLOSSOM,54,113,246,166,506,251
90098,NECKLACE+BRACELET PINK BUTTERFLY,57,141,255,166,517,255
90099,NECKLACE+BRACELET SET BLUE HIBISCUS,28,49,255,255,506,255
90100,NECKLACE+BRACELET SET PINK DAISY,12,30,255,255,255,255
90101,WHITE FRANGIPANI NECKLACE,30,53,254,248,259,254
90103,PURPLE FRANGIPANI NECKLACE,30,44,254,248,259,254
90104,PURPLE FRANGIPANI HAIRCLIP,53,134,83,82,85,83
90108,BLUE BLOSSOM HAIR CLIP,21,109,105,105,251,105
90111,BLUE HIBISCUS  HAIR CLIP,7,8,105,105,105,105
90112,PINK DOLLY HAIR CLIPS,21,84,105,105,166,105
90114,SUMMER DAISIES BAG CHARM,113,207,246,246,255,246
90115,SUMMER BUTTERFLIES BAG CHARM,63,115,251,246,506,251
90116,FRUIT SALAD BAG CHARM,65,108,246,169,251,246
90118,PINK DAISY BAG CHARM,29,42,246,246,506,246
90119,METALIC LEAVES BAG CHARMS,43,98,246,246,506,246
90120A,PINK MURANO TWIST BRACELET,42,94,425,424,433,425
90120B,BLUE MURANO TWIST BRACELET,43,108,425,250,433,425
90120C,GREEN MURANO TWIST BRACELET,60,111,424,415,433,424
90120D,WHITE MURANO TWIST BRACELET,40,134,425,250,433,425
90121B,VINTAGE ROSE BEAD BRACELET BLUE,9,19,425,425,425,425
90122A,PINK CRYSTAL+GLASS BRACELET,32,56,495,495,520,496
90122B,JADE CRYSTAL+GLASS BRACELET,26,46,495,495,520,495
90122C,TURQUOISE CRYSTAL+GLASS BRACELET,30,54,495,495,520,496
90123A,PINK HEART OF GLASS BRACELET,20,37,595,582,595,595
90123B,TURQUOISE HEART OF GLASS BRACELET,15,28,595,582,607,595
90123C,GREEN HEART OF GLASS BRACELET,12,27,595,594,607,595
90123D,WHITE HEART OF GLASS BRACELET,14,29,595,582,607,595
90124A,PINK MURANO TWIST NECKLACE,20,30,995,995,1042,995
90124B,BLUE MURANO TWIST NECKLACE,31,40,995,995,1039,996
90124C,GREEN MURANO TWIST NECKLACE,16,22,995,995,1042,995
90125A,PINK BERTIE GLASS BEAD BAG CHARM,18,149,210,85,421,210
90125B,AQUA BERTIE GLASS BEAD BAG CHARM,17,44,210,85,421,210
90125C,TURQUOISE BERTIE GLASS BEAD CHARM,10,92,210,85,210,164
90125D,PURPLE BERTIE GLASS BEAD BAG CHARM,36,136,421,85,430,210
90125E,AMBER BERTIE GLASS BEAD BAG CHARM,17,18,166,163,421,210
90126A,PINK BERTIE MOBILE PHONE CHARM,6,20,169,169,336,169
90126C,AMBER BERTIE MOBILE PHONE CHARM,5,21,169,169,343,329
90128A,PINK LEAVES AND BEADS PHONE CHARM,12,34,125,125,251,125
90128B,BLUE LEAVES AND BEADS PHONE CHARM,8,20,125,125,251,125
90128C,GREEN LEAVES AND BEADS PHONE CHARM,7,18,125,125,257,246
90128D,PURPLE LEAVES AND BEADS PHONE CHAR,8,14,251,125,251,248
90129A,PINK GLASS TASSLE BAG CHARM,76,156,166,163,295,166
90129B,TURQUOISE GLASS TASSLE BAG CHARM,64,150,166,163,295,166
90129C,GREEN GLASS TASSLE BAG CHARM,52,110,166,163,295,166
90129D,AMBER GLASS TASSLE BAG CHARM,36,69,166,163,295,166
90129E,PURPLE GLASS TASSLE BAG CHARM,61,133,166,163,295,166
90129F,RED GLASS TASSLE BAG CHARM,45,87,166,163,295,166
90130A,WHITE STONE/CRYSTAL EARRINGS,16,28,295,290,303,295
90130B,TURQ STONE/CRYSTAL EARRINGS,51,66,296,290,303,295
90130C,GREEN STONE/CRYSTAL EARRINGS,25,26,296,290,303,296
90130D,RED STONE/CRYSTAL EARRINGS,8,13,296,290,303,295
90131,PINK/AMETHYST/GOLD NECKLACE,5,10,695,695,707,695
90132,LIGHT TOPAZ TEAL/AQUA COL NECKLACE,8,8,509,498,520,509
90133,TEAL/FUSCHIA COL BEAD NECKLACE,36,47,509,495,520,509
90134,OLD ROSE COMBO BEAD NECKLACE,97,127,296,290,303,296
90137,PINK COMBO MINI CRYSTALS NECKLACE,15,26,495,495,563,495
90138,WHITE/PINK MINI CRYSTALS NECKLACE,18,25,551,495,551,545
90139,FLOWER BROOCH 4 ASSORTED COLOURS,18,23,520,495,520,520
90140,PINK SWEETIE NECKLACE,8,10,764,748,764,757
90141A,GREEN PENDANT TRIPLE SHELL NECKLACE,18,21,540,495,551,540
90141B,IVORY PENDANT TRIPLE SHELL NECKLACE,10,14,509,495,509,503
90141C,TURQ PENDANT TRIPLE SHELL NECKLACE,13,16,540,495,551,540
90141D,ROSE PENDANT TRIPLE SHELL NECKLACE,5,7,551,495,551,551
90141E,ORANGE PENDANT TRIPLE SHELL NECKLAC,5,10,495,495,551,495
90142D,MOP PENDANT SHELL NECKLACE,5,11,495,495,509,495
90143,SILVER BRACELET W PASTEL FLOWER,45,83,750,250,824,750
90144,SILVER DROP EARRINGS WITH FLOWER,33,53,375,373,390,375
90145,SILVER HOOP EARRINGS WITH FLOWER,46,76,595,595,650,595
90146,FINE SILVER NECKLACE W PASTEL FLOWE,20,41,750,375,807,750
90147,CHUNKY SILVER NECKLACE PASTEL FLOWE,61,95,995,995,1085,995
90148,LONG SILVER NECKLACE PASTEL FLOWER,19,28,1275,1248,1275,1275
90149,SILVER FLOWR PINK SHELL NECKLACE,9,62,750,636,750,750
90150,BLUE SHELL+SILVER NECKLACE,8,13,750,750,750,750
90151,SILVER/NATURAL SHELL NECKLACE,11,21,850,849,868,850
90152A,SILVER/NAT SHELL NECKLACE W PENDANT,7,7,595,540,595,595
90152B,BLUE/GREEN SHELL NECKLACE W PENDANT,6,7,595,551,595,595
90154,LAZER CUT NECKLACE W PASTEL BEADS,7,59,895,725,895,895
90155,RESIN NECKLACE W PASTEL BEADS,21,30,750,748,781,750
90156,RESIN BRACELET W PASTEL BEADS,14,25,495,495,781,495
90157,RIVIERA NECKLACE,25,54,495,495,509,495
90158,ST TROPEZ NECKLACE,65,79,509,495,520,498
90159,COTE D'AZURE NECKLACE,20,38,495,495,520,495
90160A,PURPLE BOUDICCA LARGE BRACELET,25,52,695,695,722,695
90160B,RED BOUDICCA LARGE BRACELET,29,71,695,250,737,695
90160C,TURQ+RED BOUDICCA LARGE BRACELET,46,98,695,695,737,695
90160D,PINK BOUDICCA LARGE BRACELET,25,76,695,695,737,695
90161A,ANT COPPER RED BOUDICCA BRACELET,46,73,509,495,520,503
90161B,ANT COPPER TURQ BOUDICCA BRACELET,80,152,495,495,520,498
90161C,ANT COPPER LIME BOUDICCA BRACELET,101,170,495,495,520,498
90161D,ANT COPPER PINK BOUDICCA BRACELET,77,141,509,250,520,498
90162A,ANT SILVER TURQUOISE BOUDICCA RING,11,30,295,295,295,295
90162B,ANT SILVER LIME GREEN BOUDICCA RING,21,56,295,295,295,295
90162C,ANT SILVER FUSCHIA BOUDICCA RING,16,42,295,295,295,295
90162D,ANT SILVER PURPLE BOUDICCA RING,16,30,295,295,295,295
90163A,PINK ROSEBUD & PEARL NECKLACE,24,37,764,748,781,764
90163B,WHITE ROSEBUD & PEARL NECKLACE,9,13,764,748,781,750
90164A,PINK ROSEBUD PEARL BRACELET,25,40,764,195,781,764
90164B,WHITE  ROSEBUD PEARL BRACELET,35,67,764,195,781,764
90165A,PINK ROSEBUD PEARL EARRINGS,27,42,254,248,259,254
90165B,WHITE ROSEBUD  PEARL EARRINGS,35,52,248,248,259,254
90166,PINK & WHITE ROSEBUD RING,32,41,424,415,433,424
90167,BEADED LOVE HEART JEWELLERY SET,112,2207,85,72,170,85
90168,2 DAISIES HAIR COMB,25,43,290,290,303,295
90169,DAISY HAIR COMB,25,42,254,248,259,254
90170,DAISY HAIR BAND,74,151,165,165,172,165
90171,DAISY RING,27,47,126,125,129,126
90173,PAIR BUTTERFLY HAIR CLIPS,56,89,381,373,390,381
90174,BUTTERFLY HAIR BAND,33,51,248,248,259,254
90175A,WHITE GLASS CHUNKY CHARM BRACELET,63,108,895,250,955,915
90175B,PINK GLASS CHUNKY CHARM BRACELET,28,37,934,250,955,924
90175C,BLUE GLASS CHUNKY CHARM BRACELET,22,39,895,895,955,895
90175D,TIGRIS EYE CHUNKY CHARM BRACELET,42,60,915,895,955,915
90176A,CLASSIC DIAMANTE NECKLACE JET,7,10,750,748,781,750
90176C,DIAMANTE NECKLACE,6,10,750,750,868,750
90176D,DIAMANTE NECKLACE PURPLE,7,11,750,750,781,750
90177A,CLASSIC DIAMANTE EARRINGS JET,14,19,290,290,296,290
90177B,DROP DIAMANTE EARRINGS BLACK DIAMON,19,31,296,290,303,295
90177C,DROP DIAMANTE EARRINGS CRYSTAL,27,40,295,290,303,295
90177D,DROP DIAMANTE EARRINGS PURPLE,27,48,295,290,303,295
90177E,DROP DIAMANTE EARRINGS GREEN,23,29,296,290,303,296
90178A,AMBER CHUNKY GLASS+BEAD NECKLACE,24,30,1195,1165,1216,1195
90178B,PURPLE CHUNKY GLASS+BEAD NECKLACE,11,16,1195,1195,1216,1195
90179A,AMBER FINE BEAD NECKLACE W TASSEL,9,12,595,582,595,595
90179B,PURPLE FINE BEAD NECKLACE W TASSEL,9,11,595,582,607,595
90179C,BLACK FINE BEAD NECKLACE W TASSEL,17,20,595,582,595,595
90180A,BLACK+WHITE NECKLACE W TASSEL,29,45,995,295,1020,995
90180B,PURPLE AMETHYST NECKLACE W TASSEL,14,18,995,995,1042,995
90181A,AMBER GLASS/SHELL/PEARL NECKLACE,14,14,934,895,934,915
90181B,AMETHYST GLASS/SHELL/PEARL NECKLACE,26,27,915,895,955,924
90181C,BLACK GLASS/SHELL/PEARL NECKLACE,5,5,955,915,955,934
90182A,AMBER 3 BEAD DROP EARRINGS,9,9,290,290,296,290
90182B,AMETHYST 3 BEAD DROP EARRINGS,6,6,290,290,303,290
90182C,BLACK 3 BEAD DROP EARRINGS,13,19,290,290,296,290
90183A,AMBER DROP EARRINGS W LONG BEADS,32,54,290,290,296,295
90183B,AMETHYST DROP EARRINGS W LONG BEADS,25,29,290,290,303,290
90183C,BLACK DROP EARRINGS W LONG BEADS,13,13,290,290,303,290
90184A,AMBER CHUNKY BEAD BRACELET W STRAP,26,47,895,895,955,905
90184B,AMETHYST CHUNKY BEAD BRACELET W STR,48,74,895,895,955,895
90184C,BLACK CHUNKY BEAD BRACELET W STRAP,51,75,895,895,955,895
90185A,AMBER DIAMANTE EXPANDABLE RING,27,56,424,415,433,424
90185B,AMETHYST DIAMANTE EXPANDABLE RING,35,68,425,415,433,425
90185C,BLACK DIAMANTE EXPANDABLE RING,35,68,425,415,433,425
90185D,CRYSTAL DIAMANTE EXPANDABLE RING,37,72,425,415,433,425
90186A,AMETHYST HOOP EARRING FLORAL LEAF,37,77,295,290,303,295
90186B,CRYSTAL HOOP EARRING FLORAL LEAF,32,58,295,290,303,295
90187A,BLUE DROP EARRINGS W BEAD CLUSTER,7,8,339,332,346,339
90187B,GREEN DROP EARRINGS W BEAD CLUSTER,16,22,339,332,346,337
90188,DROP EARRINGS W FLOWER & LEAF,22,25,254,248,259,254
90189A,SILVER 2 STRAND NECKLACE-LEAF CHARM,8,11,750,750,764,750
90190A,SILVER/CRYSTAL DROP EARRINGS W LEAF,31,44,295,290,303,295
90190B,GOLD/AMBER DROP EARRINGS W LEAF,15,45,295,290,296,295
90190C,SILVER/AMETHYST DROP EARRINGS LEAF,39,58,295,290,303,295
90191,SILVER LARIAT 40CM,21,40,1275,295,1303,1275
90192,JADE DROP EARRINGS W FILIGREE,56,97,495,495,520,498
90194,SILVER LARIAT BLACK STONE EARRINGS,22,33,425,415,425,425
90195A,PURPLE GEMSTONE BRACELET,46,75,895,295,955,895
90195B,BLACK GEMSTONE BRACELET,29,62,895,295,932,895
90196A,PURPLE GEMSTONE NECKLACE 45CM,13,24,1275,1275,1275,1275
90196B,BLACK GEMSTONE NECKLACE 45CM,15,20,1275,1248,1275,1275
90197B,BLACK GLASS BRACELET W HEART CHARMS,51,64,498,495,520,509
90198A,VINTAGE ROSE BEAD BRACELET RASPBERR,86,146,424,415,433,424
90198B,VINTAGE ROSE BEAD BRACELET BLACK,51,106,425,415,433,425
90199A,5 STRAND GLASS NECKLACE BLACK,18,25,635,623,637,635
90199B,5 STRAND GLASS NECKLACE AMETHYST,32,37,635,623,650,635
90199C,5 STRAND GLASS NECKLACE CRYSTAL,37,106,635,549,635,635
90199D,5 STRAND GLASS NECKLACE AMBER,16,22,635,623,637,635
90200A,PURPLE SWEETHEART BRACELET,105,185,425,415,433,425
90200B,BLACK SWEETHEART BRACELET,86,186,425,415,433,425
90200C,BLUE SWEETHEART BRACELET,103,211,424,415,433,424
90200D,PINK SWEETHEART BRACELET,157,338,425,375,433,424
90200E,GREEN SWEETHEART BRACELET,95,214,425,375,433,425
90201A,PURPLE ENAMEL FLOWER RING,54,130,295,290,303,295
90201B,BLACK ENAMEL FLOWER RING,56,156,296,290,303,296
90201C,RED ENAMEL FLOWER RING,46,119,295,290,303,295
90201D,GREEN ENAMEL FLOWER RING,58,134,296,290,303,295
90202A,PURPLE ENAMEL FLOWER HAIR TIE,23,31,290,290,296,295
90202B,WHITE ENAMEL FLOWER HAIR TIE,16,24,290,290,303,292
90202C,GREEN ENAMEL FLOWER HAIR TIE,26,32,296,290,303,296
90202D,PINK ENAMEL FLOWER HAIR TIE,24,48,296,290,303,295
90203,SILVER CHARM NECKLACE 70CM,35,73,750,750,781,750
90204,PAIR OF ENAMEL BUTTERFLY HAIRCLIP,38,51,339,332,346,335
90205A,LARGE MINT DIAMANTE HAIRSLIDE,24,42,165,165,172,169
90205C,LARGE CRYSTAL DIAMANTE HAIRSLIDE,24,78,165,145,172,165
90206A,GOLD DIAMANTE STAR BROOCH,12,16,495,495,509,496
90206C,CRYSTAL DIAMANTE STAR BROOCH,59,82,509,495,520,498
90208,PAIR OF ENAMEL FLOWER CLUSTER SLIDE,70,161,248,210,259,254
90209A,PURPLE ENAMEL+GLASS HAIR COMB,10,173,210,175,210,210
90209B,GREEN ENAMEL+GLASS HAIR COMB,104,390,211,175,216,211
90209C,PINK ENAMEL+GLASS HAIR COMB,68,402,211,175,216,210
90210A,GREY ACRYLIC FACETED BANGLE,22,89,295,125,303,295
90210B,CLEAR ACRYLIC FACETED BANGLE,28,106,295,100,303,295
90210C,RED   ACRYLIC FACETED BANGLE,15,119,295,100,296,295
90210D,PURPLE ACRYLIC FACETED BANGLE,24,143,295,100,303,295
90211A,DIAMOND LAS VEGAS NECKLACE 45CM,23,31,594,582,607,594
90211B,JET BLACK LAS VEGAS NECKLACE 45CM,28,39,594,582,607,594
90212B,JET BLACK LAS VEGAS BRACELET ROUND,30,41,381,373,390,381
90212C,PURPLE LAS VEGAS BRACELET ROUND,8,18,375,375,375,375
90214A,"LETTER ""A"" BLING KEY RING",107,219,125,29,257,85
90214B,"LETTER ""B"" BLING KEY RING",43,80,125,29,251,85
90214C,"LETTER ""C"" BLING KEY RING",74,176,125,29,251,85
90214D,"LETTER ""D"" BLING KEY RING",53,103,83,29,251,85
90214E,"LETTER ""E"" BLING KEY RING",71,148,125,29,251,85
90214F,"LETTER ""F"" BLING KEY RING",30,47,125,29,125,85
90214G,"LETTER ""G"" BLING KEY RING",51,104,125,29,251,85
90214H,"LETTER ""H"" BLING KEY RING",58,88,125,29,125,85
90214I,"LETTER ""I"" BLING KEY RING",29,64,125,29,257,85
90214J,"LETTER ""J"" BLING KEY RING",91,162,125,29,257,85
90214K,"LETTER ""K"" BLING KEY RING",87,158,125,29,257,125
90214L,"LETTER ""L"" BLING KEY RING",70,179,125,29,257,85
90214M,"LETTER ""M"" BLING KEY RING",68,146,125,29,257,105
90214N,"LETTER ""N"" BLING KEY RING",47,82,125,29,251,85
90214O,"LETTER ""O"" BLING KEY RING",19,37,125,29,125,125
90214P,"LETTER ""P"" BLING KEY RING",35,80,125,29,251,85
90214R,"LETTER ""R"" BLING KEY RING",54,97,125,29,257,85
90214S,"LETTER ""S"" BLING KEY RING",92,191,125,29,257,85
90214T,"LETTER ""T"" BLING KEY RING",24,57,125,29,251,105
90214V,"LETTER ""V"" BLING KEY RING",27,41,125,29,125,85
90214W,"LETTER ""W"" BLING KEY RING",8,19,83,29,125,84
90214Y,"LETTER ""Y"" BLING KEY RING",11,69,125,29,125,85
90214Z,"LETTER ""Z"" BLING KEY RING",19,32,85,29,125,85
ADJUST,Adjustment by john on 26/01/2010 16,36,36,9646,457,511703,8309
BANK CHARGES,Bank Charges,35,35,1500,0,3924,1500
C2,CARRIAGE,272,273,5000,1500,15000,5000
D,Discount,5,196,5763,100,10199,3229
DCGS0003,BOXED GLASS ASHTRAY,13,13,251,246,257,251
DCGS0058,MISO PRETTY  GUM,30,42,81,81,95,83
DCGS0069,OOH LA LA DOGS COLLAR,5,5,1613,1579,1613,1613
DCGS0076,SUNJAR LED NIGHT NIGHT LIGHT,15,18,1613,1613,1648,1613
DCGSSBOY,BOYS PARTY BAG,21,77,336,125,336,329
DCGSSGIRL,GIRLS PARTY BAG,23,92,329,125,336,329
DOT,DOTCOM POSTAGE,1436,1436,1826,35,450517,15527
M,Manual,877,10051,42,6,2511109,295
PADS,PADS TO MATCH ALL CUSHIONS,17,17,0,0,0,0
POST,POSTAGE,1886,5461,1800,50,814275,1800
TEST001,This is a test product.,9,50,450,450,450,450
gift_0001_10,Dotcomgiftshop Gift Voucher £10.00,14,15,833,833,869,833
gift_0001_20,Dotcomgiftshop Gift Voucher £20.00,26,28,1702,1319,1739,1702
gift_0001_30,Dotcomgiftshop Gift Voucher £30.00,24,24,2553,2500,2608,2553
gift_0001_40,Dotcomgiftshop Gift Voucher £40.00,5,5,3404,3135,3404,3333
gift_0001_50,Dotcomgiftshop Gift Voucher £50.00,6,6,4167,4167,4348,4211
m,Manual,5,5,255,255,400,255
